Workbook

Sheet Sheet2
A1: 检测日期 | B1: 样本编号 | C1: 1 | D1: 2 | E1: 3 | F1: CD34+CD45dim | G1: 4 | H1: 5 | I1: CD45+SSC(mid) | J1: 6 | K1: 7 | L1: CD45+SSC(high) | M1: 8 | N1: 9 | O1: CD45++SSC(low) | P1: 10 | Q1: 11 | R1: CD3+CD19- | S1: 12 | T1: 13 | U1: CD3-CD19+ | V1: 14 | W1: 15 | X1: CD3-CD56+CD16+ | Y1: 14 | Z1: 16 | AA1: CD3+CD56+CD16+ | AB1: 17 | AC1: 17 | AD1: CD3+TCRγδ+ | AE1: 18 | AF1: 19 | AG1: CD3+CD4+CD8- | AH1: 20 | AI1: 21 | AJ1: CD3+CD4-CD8+ | AK1: 22 | AL1: 23 | AM1: 24 | AN1: 24 | AO1: 24 | AP1: CD4+CD25(high)CD127(dim) | AQ1: 25 | AR1: 26 | AS1: CD3+CD4+CD45RA+ | AT1: 27 | AU1: 28 | AV1: CD3+CD8+CD45RA+ | AW1: 29 | AX1: 30 | AY1: CD3+CD4+CD45RO+ | AZ1: 31 | BA1: 32 | BB1: CD3+CD8+CD45RO+ | BC1: 33 | BD1: 34 | BE1: Lin1-HLA-DR+ | BF1: 35 | BG1: 38 | BH1: Lin1-CD11c+HLA-DR+ | BI1: 37 | BJ1: 36 | BK1: Lin-CD123+HLA-DR+
C2: Cell0062 | D2: Cell0005 | E2: Cell0001 | G2: Cell0007 | H2: Cell0003 | J2: Cell0061 | K2: Cell0004 | M2: Cell0006 | N2: Cell0002 | P2: Cell0013 | Q2: Cell0008 | S2: Cell0014 | T2: Cell0009 | V2: Cell0015 | W2: Cell0011 | Z2: Cell0012 | AB2: Cell0010 | AC2: Cell0010 | AE2: Cell0019 | AF2: Cell0016 | AH2: Cell0020 | AI2: Cell0017 | AK2: Cell0018 | AL2: Cell0063 | AM2: Cell0021 | AN2: Cell0021 | AO2: Cell0021 | AQ2: Cell0026 | AR2: Cell0022 | AT2: Cell0028 | AU2: Cell0024 | AW2: Cell0027 | AX2: Cell0023 | AZ2: Cell0029 | BA2: Cell0025 | BC2: Cell0054 | BD2: Cell0055 | BF2: Cell0056 | BG2: Cell0031 | BI2: Cell0057 | BJ2: Cell0030
C3: CD45+ | D3: CD34+CD45dim | E3: CD34+CD45dim | F3: CD34+占%WBC | G3: CD45+SSC(mid) | H3: CD45+SSC(mid) | I3: 单核占%WBC | J3: CD45+SSC(high) | K3: CD45+SSC(high) | L3: 粒细胞占%WBC | M3: CD45++SSC(low) | N3: CD45++SSC(low) | O3: 淋巴占%WBC | P3: CD3+CD19- | Q3: CD3+CD19- | R3: T占%WBC | S3: CD3-CD19+ | T3: CD3-CD19+ | U3: B占%WBC | V3: CD3-CD56+CD16+ | W3: CD3-CD56+CD16+ | X3: NK占%WBC | Y3: CD3+CD56+CD16+ | Z3: CD3+CD56+CD16+ | AA3: NKT占%WBC | AB3: CD3+TCRγδ+ | AC3: CD3+TCRγδ+ | AD3: TCRγδ+占%WBC | AE3: CD3+CD4+CD8- | AF3: CD3+CD4+CD8- | AG3: 辅助T占%WBC | AH3: CD3+CD4-CD8+ | AI3: CD3+CD4-CD8+ | AJ3: 毒性T%WBC | AK3: CD4+/CD8+ | AL3: CD4+CD25(high)CD127(dim) | AM3: CD4+CD25(high)CD127(dim) | AN3: CD4+CD25(high)CD127(dim) | AO3: CD4+CD25(high)CD127(dim) | AP3: Treg%WBC | AQ3: CD3+CD4+CD45RA+ | AR3: CD3+CD4+CD45RA+ | AS3: %WBC | AT3: CD3+CD8+CD45RA+ | AU3: CD3+CD8+CD45RA+ | AV3: %WBC | AW3: CD3+CD4+CD45RO+ | AX3: CD3+CD4+CD45RO+ | AY3: %WBC | AZ3: CD3+CD8+CD45RO+ | BA3: CD3+CD8+CD45RO+ | BB3: %WBC | BC3: Lin1-HLA-DR+ | BD3: Lin1-HLA-DR+ | BE3: DC占WBC | BF3: Lin1-CD123+HLA-DR+ | BG3: Lin1-CD123+HLA-DR+ | BH3: PDC%WBC | BI3: Lin1-CD11c+HLA-DR+ | BJ3: Lin1-CD11c+HLA-DR+ | BK3: MDC占%WBC
C4: 白细胞计数 | D4: CD34+干细胞计数 | E4: CD34+干细胞百分比 | F4: %WBC | G4: 单核细胞计数 | H4: 单核细胞百分比 | I4: %WBC | J4: 粒细胞计数 | K4: 粒细胞百分比 | L4: %WBC | M4: 淋巴细胞计数 | N4: 淋巴细胞百分比 | O4: %WBC | P4: 总T淋巴细胞计数 | Q4: 总T淋巴细胞百分比 | R4: %WBC | S4: 总B淋巴细胞计数 | T4: 总B淋巴细胞百分比 | U4: %WBC | V4: NK细胞计数 | W4: NK细胞百分比 | X4: %WBC | Y4: NK-T细胞计数 | Z4: NK-T细胞百分比 | AA4: %WBC | AB4: γδT细胞计数 | AC4: γδT细胞百分比 | AD4: %WBC | AE4: CD4+辅助T细胞计数 | AF4: CD4+辅助T细胞百分比 | AG4: %WBC | AH4: CD8+细胞毒T细胞计数 | AI4: CD8+细胞毒T细胞百分比 | AJ4: %WBC | AK4: CD4+/CD8+ | AL4: 调节性CD4+T细胞计数 | AM4: 调节性CD4+T细胞百分比 | AN4: 占淋巴调节T细胞计数 | AO4: 占淋巴调节T细胞百分比 | AP4: %WBC | AQ4: CD4+初始T细胞计数 | AR4: CD4+初始T细胞百分比 | AS4: %WBC | AT4: CD8+初始T细胞计数 | AU4: CD8+初始T细胞百分比 | AV4: %WBC | AW4: CD4+效应和记忆T细胞计数 | AX4: CD4+效应和记忆T细胞百分比 | AY4: %WBC | AZ4: CD8+效应和记忆T细胞计数 | BA4: CD8+效应和记忆T细胞百分比 | BB4: %WBC | BC4: 树突状细胞(DC)计数 | BD4: 树突状细胞(DC)百分比 | BE4: %WBC | BF4: 浆样树突状细胞(pDC)计数 | BG4: 浆样树突状细胞(pDC)百分比 | BH4: %WBC | BI4: 髓样树突状细胞(mDC)计数 | BJ4: 髓样树突状细胞(mDC)百分比 | BK4: %WBC
A5: =IF(Sheet1!B5="","",Sheet1!B5) | B5: =IF(Sheet1!C5="","",Sheet1!C5) | C5: =IF(Sheet1!D5="","",Sheet1!D5) -> 8030 | D5: =IFERROR(ROUND(Sheet1!D5*Sheet1!F5/Sheet1!E5,2),"") -> 0.52 | E5: =IFERROR(ROUND(Sheet1!F5/Sheet1!E5*100,2),"") -> 0.01 | F5: =D5/C5 -> 6.4757161e-05 | G5: =IFERROR(ROUND(Sheet1!D5*Sheet1!J5/Sheet1!G5,0),"") -> 478 | H5: =IFERROR(ROUND(Sheet1!J5/Sheet1!G5*100,2),"") -> 5.95 | I5: =G5/C5 -> 0.059526775 | J5: =IFERROR(ROUND(Sheet1!D5*Sheet1!K5/Sheet1!G5,0),"") -> 5147 | K5: =IFERROR(ROUND(Sheet1!K5/Sheet1!G5*100,2),"") -> 64.09 | L5: =J5/C5 -> 0.64097136 | M5: =IFERROR(ROUND(Sheet1!D5*Sheet1!I5/Sheet1!G5,0),"") -> 2036 | N5: =IFERROR(ROUND(Sheet1!I5/Sheet1!G5*100,2),"") -> 25.36 | O5: =M5/C5 -> 0.25354919 | P5: =IFERROR(ROUND(Sheet1!L5/Sheet1!H5*M5,0),"") -> 1394 | Q5: =IFERROR(ROUND(Sheet1!L5/Sheet1!H5*100,2),"") -> 68.45 | R5: =P5/C5 -> 0.173599 | S5: =IFERROR(ROUND(Sheet1!M5/Sheet1!H5*M5,0),"") -> 258 | T5: =IFERROR(ROUND(Sheet1!M5/Sheet1!H5*100,2),"") -> 12.69 | U5: =S5/C5 -> 0.032129514 | V5: =IFERROR(ROUND(Sheet1!O5/Sheet1!H5*M5,0),"") -> 168 | W5: =IFERROR(ROUND(Sheet1!O5/Sheet1!H5*100,2),"") -> 8.23 | X5: =V5/C5 -> 0.020921544 | Y5: =IFERROR(ROUND(Sheet1!P5/Sheet1!H5*M5,0),"") -> 230 | Z5: =IFERROR(ROUND(Sheet1!P5/Sheet1!H5*100,2),"") -> 11.28 | AA5: =Y5/C5 -> 0.02864259 | AB5: =IFERROR(ROUND(Sheet1!N5/Sheet1!H5*M5,0),"") -> 24 | AC5: =IFERROR(ROUND(Sheet1!N5/Sheet1!H5*100,2),"") -> 1.16 | AD5: =AB5/C5 -> 0.002988792 | AE5: =IFERROR(ROUND(Sheet1!Q5/Sheet1!H5*M5,0),"") -> 664 | AF5: =IFERROR(ROUND(Sheet1!Q5/Sheet1!H5*100,2),"") -> 32.63 | AG5: =AE5/C5 -> 0.082689913 | AH5: =IFERROR(ROUND(Sheet1!R5/Sheet1!H5*M5,0),"") -> 671 | AI5: =IFERROR(ROUND(Sheet1!R5/Sheet1!H5*100,2),"") -> 32.93 | AJ5: =AH5/C5 -> 0.083561644 | AK5: =IFERROR(ROUND(AF5/AI5,2),"") -> 0.99 | AL5: =IFERROR(ROUND(Sheet1!U5/Sheet1!T5*AE5,0),"") -> 22 | AM5: =IFERROR(ROUND(Sheet1!U5/Sheet1!T5*100,2),"") -> 3.33 | AN5: =IFERROR(ROUND(Sheet1!U5/Sheet1!S5*M5,0),"") -> 26 | AO5: =IFERROR(ROUND(Sheet1!U5/Sheet1!S5*100,2),"") -> 1.28 | AP5: =AN5/C5 -> 0.003237858 | AQ5: =IFERROR(ROUND(Sheet1!W5/Sheet1!V5*M5,0),"") -> 99 | AR5: =IFERROR(ROUND(Sheet1!W5/Sheet1!V5*100,2),"") -> 4.87 | AS5: =AQ5/C5 -> 0.012328767 | AT5: =IFERROR(ROUND(Sheet1!Y5/Sheet1!V5*M5,0),"") -> 67 | AU5: =IFERROR(ROUND(Sheet1!Y5/Sheet1!V5*100,2),"") -> 3.29 | AV5: =AT5/C5 -> 0.0083437111 | AW5: =IFERROR(ROUND(Sheet1!X5/Sheet1!V5*M5,0),"") -> 531 | AX5: =IFERROR(ROUND(Sheet1!X5/Sheet1!V5*100,2),"") -> 26.07 | AY5: =AW5/C5 -> 0.066127024 | AZ5: =IFERROR(ROUND(Sheet1!Z5/Sheet1!V5*M5,0),"") -> 307 | BA5: =IFERROR(ROUND(Sheet1!Z5/Sheet1!V5*100,2),"") -> 15.08 | BB5: =AZ5/C5 -> 0.038231631 | BC5: =IFERROR(ROUND(Sheet1!AB5/Sheet1!AA5*Sheet1!D5,0),"") -> 41 | BD5: =IFERROR(ROUND(Sheet1!AB5/Sheet1!AA5*100,2),"") -> 0.51 | BE5: =BC5/C5 -> 0.0051058531 | BF5: =IFERROR(ROUND(Sheet1!AD5/Sheet1!AA5*Sheet1!D5,0),"") -> 6 | BG5: =IFERROR(ROUND(Sheet1!AD5/Sheet1!AA5*100,2),"") -> 0.07 | BH5: =BF5/C5 -> 0.00074719801 | BI5: =IFERROR(ROUND(Sheet1!AC5/Sheet1!AA5*Sheet1!D5,0),"") -> 25 | BJ5: =IFERROR(ROUND(Sheet1!AC5/Sheet1!AA5*100,2),"") -> 0.31 | BK5: =BI5/C5 -> 0.003113325
A10: =IF(Sheet1!B17="","",Sheet1!B17) | B10: =IF(Sheet1!C17="","",Sheet1!C17) | AM10: =IFERROR(ROUND(Sheet1!#REF!/Sheet1!#REF!*100,2),"") | AQ10: =IFERROR(ROUND(Sheet1!#REF!/Sheet1!#REF!*Sheet1!N10,0),"") | AR10: =IFERROR(ROUND(Sheet1!#REF!/Sheet1!#REF!*100,2),"") | AT10: =IFERROR(ROUND(Sheet1!#REF!/Sheet1!#REF!*Sheet1!N10,0),"") | AU10: =IFERROR(ROUND(Sheet1!#REF!/Sheet1!#REF!*100,2),"") | AW10: =IFERROR(ROUND(Sheet1!#REF!/Sheet1!#REF!*Sheet1!N10,0),"") | AX10: =IFERROR(ROUND(Sheet1!#REF!/Sheet1!#REF!*100,2),"") | AZ10: =IFERROR(ROUND(Sheet1!#REF!/Sheet1!#REF!*Sheet1!N10,0),"") | BA10: =IFERROR(ROUND(Sheet1!#REF!/Sheet1!#REF!*100,2),"") | BC10: =IFERROR(ROUND(Sheet1!#REF!/Sheet1!#REF!*Sheet1!#REF!,0),"") | BD10: =IFERROR(ROUND(Sheet1!#REF!/Sheet1!#REF!*100,2),"") | BF10: =IFERROR(ROUND(Sheet1!#REF!/Sheet1!#REF!*Sheet1!#REF!,0),"") | BG10: =IFERROR(ROUND(Sheet1!#REF!/Sheet1!#REF!*100,2),"") | BJ10: =IFERROR(ROUND(Sheet1!#REF!/Sheet1!#REF!*100,2),"")
A11: =IF(Sheet1!B18="","",Sheet1!B18) | B11: =IF(Sheet1!C18="","",Sheet1!C18) | C11: =IF(Sheet1!D18="","",Sheet1!D18) | AM11: =IFERROR(ROUND(Sheet1!#REF!/Sheet1!#REF!*100,2),"") | AQ11: =IFERROR(ROUND(Sheet1!#REF!/Sheet1!#REF!*Sheet1!N11,0),"") | AR11: =IFERROR(ROUND(Sheet1!#REF!/Sheet1!#REF!*100,2),"") | AT11: =IFERROR(ROUND(Sheet1!#REF!/Sheet1!#REF!*Sheet1!N11,0),"") | AU11: =IFERROR(ROUND(Sheet1!#REF!/Sheet1!#REF!*100,2),"") | AW11: =IFERROR(ROUND(Sheet1!#REF!/Sheet1!#REF!*Sheet1!N11,0),"") | AX11: =IFERROR(ROUND(Sheet1!#REF!/Sheet1!#REF!*100,2),"") | AZ11: =IFERROR(ROUND(Sheet1!#REF!/Sheet1!#REF!*Sheet1!N11,0),"") | BA11: =IFERROR(ROUND(Sheet1!#REF!/Sheet1!#REF!*100,2),"") | BC11: =IFERROR(ROUND(Sheet1!#REF!/Sheet1!#REF!*Sheet1!D18,0),"") | BD11: =IFERROR(ROUND(Sheet1!#REF!/Sheet1!#REF!*100,2),"") | BF11: =IFERROR(ROUND(Sheet1!#REF!/Sheet1!#REF!*Sheet1!D18,0),"") | BG11: =IFERROR(ROUND(Sheet1!#REF!/Sheet1!#REF!*100,2),"") | BJ11: =IFERROR(ROUND(Sheet1!#REF!/Sheet1!#REF!*100,2),"")
A12: =IF(Sheet1!B19="","",Sheet1!B19) | B12: =IF(Sheet1!C19="","",Sheet1!C19) | C12: =IF(Sheet1!D19="","",Sheet1!D19) | AM12: =IFERROR(ROUND(Sheet1!#REF!/Sheet1!#REF!*100,2),"") | AQ12: =IFERROR(ROUND(Sheet1!#REF!/Sheet1!#REF!*Sheet1!N12,0),"") | AR12: =IFERROR(ROUND(Sheet1!#REF!/Sheet1!#REF!*100,2),"") | AT12: =IFERROR(ROUND(Sheet1!#REF!/Sheet1!#REF!*Sheet1!N12,0),"") | AU12: =IFERROR(ROUND(Sheet1!#REF!/Sheet1!#REF!*100,2),"") | AW12: =IFERROR(ROUND(Sheet1!#REF!/Sheet1!#REF!*Sheet1!N12,0),"") | AX12: =IFERROR(ROUND(Sheet1!#REF!/Sheet1!#REF!*100,2),"") | AZ12: =IFERROR(ROUND(Sheet1!#REF!/Sheet1!#REF!*Sheet1!N12,0),"") | BA12: =IFERROR(ROUND(Sheet1!#REF!/Sheet1!#REF!*100,2),"") | BC12: =IFERROR(ROUND(Sheet1!#REF!/Sheet1!#REF!*Sheet1!D19,0),"") | BD12: =IFERROR(ROUND(Sheet1!#REF!/Sheet1!#REF!*100,2),"") | BF12: =IFERROR(ROUND(Sheet1!#REF!/Sheet1!#REF!*Sheet1!D19,0),"") | BG12: =IFERROR(ROUND(Sheet1!#REF!/Sheet1!#REF!*100,2),"") | BJ12: =IFERROR(ROUND(Sheet1!#REF!/Sheet1!#REF!*100,2),"")
A13: =IF(Sheet1!B20="","",Sheet1!B20) | B13: =IF(Sheet1!C20="","",Sheet1!C20) | C13: =IF(Sheet1!D20="","",Sheet1!D20) | AM13: =IFERROR(ROUND(Sheet1!#REF!/Sheet1!#REF!*100,2),"") | AQ13: =IFERROR(ROUND(Sheet1!#REF!/Sheet1!#REF!*Sheet1!N13,0),"") | AR13: =IFERROR(ROUND(Sheet1!#REF!/Sheet1!#REF!*100,2),"") | AT13: =IFERROR(ROUND(Sheet1!#REF!/Sheet1!#REF!*Sheet1!N13,0),"") | AU13: =IFERROR(ROUND(Sheet1!#REF!/Sheet1!#REF!*100,2),"") | AW13: =IFERROR(ROUND(Sheet1!#REF!/Sheet1!#REF!*Sheet1!N13,0),"") | AX13: =IFERROR(ROUND(Sheet1!#REF!/Sheet1!#REF!*100,2),"") | AZ13: =IFERROR(ROUND(Sheet1!#REF!/Sheet1!#REF!*Sheet1!N13,0),"") | BA13: =IFERROR(ROUND(Sheet1!#REF!/Sheet1!#REF!*100,2),"") | BC13: =IFERROR(ROUND(Sheet1!#REF!/Sheet1!#REF!*Sheet1!D20,0),"") | BD13: =IFERROR(ROUND(Sheet1!#REF!/Sheet1!#REF!*100,2),"") | BF13: =IFERROR(ROUND(Sheet1!#REF!/Sheet1!#REF!*Sheet1!D20,0),"") | BG13: =IFERROR(ROUND(Sheet1!#REF!/Sheet1!#REF!*100,2),"") | BI13: =IFERROR(ROUND(Sheet1!#REF!/Sheet1!#REF!*Sheet1!D20,0),"") | BJ13: =IFERROR(ROUND(Sheet1!#REF!/Sheet1!#REF!*100,2),"")
A14: =IF(Sheet1!B21="","",Sheet1!B21) | B14: =IF(Sheet1!C21="","",Sheet1!C21) | C14: =IF(Sheet1!D21="","",Sheet1!D21) | AM14: =IFERROR(ROUND(Sheet1!U21/Sheet1!T21*100,2),"") | AQ14: =IFERROR(ROUND(Sheet1!W21/Sheet1!V21*Sheet1!N14,0),"") | AR14: =IFERROR(ROUND(Sheet1!W21/Sheet1!V21*100,2),"") | AT14: =IFERROR(ROUND(Sheet1!Y21/Sheet1!V21*Sheet1!N14,0),"") | AU14: =IFERROR(ROUND(Sheet1!Y21/Sheet1!V21*100,2),"") | AW14: =IFERROR(ROUND(Sheet1!X21/Sheet1!V21*Sheet1!N14,0),"") | AX14: =IFERROR(ROUND(Sheet1!X21/Sheet1!V21*100,2),"") | AZ14: =IFERROR(ROUND(Sheet1!Z21/Sheet1!V21*Sheet1!N14,0),"") | BA14: =IFERROR(ROUND(Sheet1!Z21/Sheet1!V21*100,2),"") | BC14: =IFERROR(ROUND(Sheet1!AB21/Sheet1!AA21*Sheet1!D21,0),"") | BD14: =IFERROR(ROUND(Sheet1!AB21/Sheet1!AA21*100,2),"") | BF14: =IFERROR(ROUND(Sheet1!AD21/Sheet1!AA21*Sheet1!D21,0),"") | BG14: =IFERROR(ROUND(Sheet1!AC21/Sheet1!AA21*100,2),"") | BI14: =IFERROR(ROUND(Sheet1!AC21/Sheet1!AA21*Sheet1!D21,0),"") | BJ14: =IFERROR(ROUND(Sheet1!AD21/Sheet1!AA21*100,2),"")
A15: =IF(Sheet1!B22="","",Sheet1!B22) | B15: =IF(Sheet1!C22="","",Sheet1!C22) | C15: =IF(Sheet1!D22="","",Sheet1!D22) | AM15: =IFERROR(ROUND(Sheet1!U22/Sheet1!T22*100,2),"") | AQ15: =IFERROR(ROUND(Sheet1!W22/Sheet1!V22*Sheet1!N15,0),"") | AR15: =IFERROR(ROUND(Sheet1!W22/Sheet1!V22*100,2),"") | AT15: =IFERROR(ROUND(Sheet1!Y22/Sheet1!V22*Sheet1!N15,0),"") | AU15: =IFERROR(ROUND(Sheet1!Y22/Sheet1!V22*100,2),"") | AW15: =IFERROR(ROUND(Sheet1!X22/Sheet1!V22*Sheet1!N15,0),"") | AX15: =IFERROR(ROUND(Sheet1!X22/Sheet1!V22*100,2),"") | AZ15: =IFERROR(ROUND(Sheet1!Z22/Sheet1!V22*Sheet1!N15,0),"") | BA15: =IFERROR(ROUND(Sheet1!Z22/Sheet1!V22*100,2),"") | BC15: =IFERROR(ROUND(Sheet1!AB22/Sheet1!AA22*Sheet1!D22,0),"") | BD15: =IFERROR(ROUND(Sheet1!AB22/Sheet1!AA22*100,2),"") | BF15: =IFERROR(ROUND(Sheet1!AD22/Sheet1!AA22*Sheet1!D22,0),"") | BG15: =IFERROR(ROUND(Sheet1!AC22/Sheet1!AA22*100,2),"") | BI15: =IFERROR(ROUND(Sheet1!AC22/Sheet1!AA22*Sheet1!D22,0),"") | BJ15: =IFERROR(ROUND(Sheet1!AD22/Sheet1!AA22*100,2),"")
A16: =IF(Sheet1!B23="","",Sheet1!B23) | B16: =IF(Sheet1!C23="","",Sheet1!C23) | C16: =IF(Sheet1!D23="","",Sheet1!D23) | AM16: =IFERROR(ROUND(Sheet1!U23/Sheet1!T23*100,2),"") | AQ16: =IFERROR(ROUND(Sheet1!W23/Sheet1!V23*Sheet1!N16,0),"") | AR16: =IFERROR(ROUND(Sheet1!W23/Sheet1!V23*100,2),"") | AT16: =IFERROR(ROUND(Sheet1!Y23/Sheet1!V23*Sheet1!N16,0),"") | AU16: =IFERROR(ROUND(Sheet1!Y23/Sheet1!V23*100,2),"") | AW16: =IFERROR(ROUND(Sheet1!X23/Sheet1!V23*Sheet1!N16,0),"") | AX16: =IFERROR(ROUND(Sheet1!X23/Sheet1!V23*100,2),"") | AZ16: =IFERROR(ROUND(Sheet1!Z23/Sheet1!V23*Sheet1!N16,0),"") | BA16: =IFERROR(ROUND(Sheet1!Z23/Sheet1!V23*100,2),"") | BC16: =IFERROR(ROUND(Sheet1!AB23/Sheet1!AA23*Sheet1!D23,0),"") | BD16: =IFERROR(ROUND(Sheet1!AB23/Sheet1!AA23*100,2),"") | BF16: =IFERROR(ROUND(Sheet1!AD23/Sheet1!AA23*Sheet1!D23,0),"") | BG16: =IFERROR(ROUND(Sheet1!AC23/Sheet1!AA23*100,2),"") | BI16: =IFERROR(ROUND(Sheet1!AC23/Sheet1!AA23*Sheet1!D23,0),"") | BJ16: =IFERROR(ROUND(Sheet1!AD23/Sheet1!AA23*100,2),"")
A17: =IF(Sheet1!B24="","",Sheet1!B24) | B17: =IF(Sheet1!C24="","",Sheet1!C24) | C17: =IF(Sheet1!D24="","",Sheet1!D24) | AM17: =IFERROR(ROUND(Sheet1!U24/Sheet1!T24*100,2),"") | AQ17: =IFERROR(ROUND(Sheet1!W24/Sheet1!V24*Sheet1!N17,0),"") | AR17: =IFERROR(ROUND(Sheet1!W24/Sheet1!V24*100,2),"") | AT17: =IFERROR(ROUND(Sheet1!Y24/Sheet1!V24*Sheet1!N17,0),"") | AU17: =IFERROR(ROUND(Sheet1!Y24/Sheet1!V24*100,2),"") | AW17: =IFERROR(ROUND(Sheet1!X24/Sheet1!V24*Sheet1!N17,0),"") | AX17: =IFERROR(ROUND(Sheet1!X24/Sheet1!V24*100,2),"") | AZ17: =IFERROR(ROUND(Sheet1!Z24/Sheet1!V24*Sheet1!N17,0),"") | BA17: =IFERROR(ROUND(Sheet1!Z24/Sheet1!V24*100,2),"") | BC17: =IFERROR(ROUND(Sheet1!AB24/Sheet1!AA24*Sheet1!D24,0),"") | BD17: =IFERROR(ROUND(Sheet1!AB24/Sheet1!AA24*100,2),"") | BF17: =IFERROR(ROUND(Sheet1!AD24/Sheet1!AA24*Sheet1!D24,0),"") | BG17: =IFERROR(ROUND(Sheet1!AC24/Sheet1!AA24*100,2),"") | BI17: =IFERROR(ROUND(Sheet1!AC24/Sheet1!AA24*Sheet1!D24,0),"") | BJ17: =IFERROR(ROUND(Sheet1!AD24/Sheet1!AA24*100,2),"")
A18: =IF(Sheet1!B25="","",Sheet1!B25) | B18: =IF(Sheet1!C25="","",Sheet1!C25) | C18: =IF(Sheet1!D25="","",Sheet1!D25) | AM18: =IFERROR(ROUND(Sheet1!U25/Sheet1!T25*100,2),"") | AQ18: =IFERROR(ROUND(Sheet1!W25/Sheet1!V25*Sheet1!N18,0),"") | AR18: =IFERROR(ROUND(Sheet1!W25/Sheet1!V25*100,2),"") | AT18: =IFERROR(ROUND(Sheet1!Y25/Sheet1!V25*Sheet1!N18,0),"") | AU18: =IFERROR(ROUND(Sheet1!Y25/Sheet1!V25*100,2),"") | AW18: =IFERROR(ROUND(Sheet1!X25/Sheet1!V25*Sheet1!N18,0),"") | AX18: =IFERROR(ROUND(Sheet1!X25/Sheet1!V25*100,2),"") | AZ18: =IFERROR(ROUND(Sheet1!Z25/Sheet1!V25*Sheet1!N18,0),"") | BA18: =IFERROR(ROUND(Sheet1!Z25/Sheet1!V25*100,2),"") | BC18: =IFERROR(ROUND(Sheet1!AB25/Sheet1!AA25*Sheet1!D25,0),"") | BD18: =IFERROR(ROUND(Sheet1!AB25/Sheet1!AA25*100,2),"") | BF18: =IFERROR(ROUND(Sheet1!AD25/Sheet1!AA25*Sheet1!D25,0),"") | BG18: =IFERROR(ROUND(Sheet1!AC25/Sheet1!AA25*100,2),"") | BI18: =IFERROR(ROUND(Sheet1!AC25/Sheet1!AA25*Sheet1!D25,0),"") | BJ18: =IFERROR(ROUND(Sheet1!AD25/Sheet1!AA25*100,2),"")
A19: =IF(Sheet1!B26="","",Sheet1!B26) | B19: =IF(Sheet1!C26="","",Sheet1!C26) | C19: =IF(Sheet1!D26="","",Sheet1!D26) | AM19: =IFERROR(ROUND(Sheet1!U26/Sheet1!T26*100,2),"") | AQ19: =IFERROR(ROUND(Sheet1!W26/Sheet1!V26*Sheet1!N19,0),"") | AR19: =IFERROR(ROUND(Sheet1!W26/Sheet1!V26*100,2),"") | AT19: =IFERROR(ROUND(Sheet1!Y26/Sheet1!V26*Sheet1!N19,0),"") | AU19: =IFERROR(ROUND(Sheet1!Y26/Sheet1!V26*100,2),"") | AW19: =IFERROR(ROUND(Sheet1!X26/Sheet1!V26*Sheet1!N19,0),"") | AX19: =IFERROR(ROUND(Sheet1!X26/Sheet1!V26*100,2),"") | AZ19: =IFERROR(ROUND(Sheet1!Z26/Sheet1!V26*Sheet1!N19,0),"") | BA19: =IFERROR(ROUND(Sheet1!Z26/Sheet1!V26*100,2),"") | BC19: =IFERROR(ROUND(Sheet1!AB26/Sheet1!AA26*Sheet1!D26,0),"") | BD19: =IFERROR(ROUND(Sheet1!AB26/Sheet1!AA26*100,2),"") | BF19: =IFERROR(ROUND(Sheet1!AD26/Sheet1!AA26*Sheet1!D26,0),"") | BG19: =IFERROR(ROUND(Sheet1!AC26/Sheet1!AA26*100,2),"") | BI19: =IFERROR(ROUND(Sheet1!AC26/Sheet1!AA26*Sheet1!D26,0),"") | BJ19: =IFERROR(ROUND(Sheet1!AD26/Sheet1!AA26*100,2),"")
A20: =IF(Sheet1!B27="","",Sheet1!B27) | B20: =IF(Sheet1!C27="","",Sheet1!C27) | C20: =IF(Sheet1!D27="","",Sheet1!D27) | AM20: =IFERROR(ROUND(Sheet1!U27/Sheet1!T27*100,2),"") | AQ20: =IFERROR(ROUND(Sheet1!W27/Sheet1!V27*Sheet1!N20,0),"") | AR20: =IFERROR(ROUND(Sheet1!W27/Sheet1!V27*100,2),"") | AT20: =IFERROR(ROUND(Sheet1!Y27/Sheet1!V27*Sheet1!N20,0),"") | AU20: =IFERROR(ROUND(Sheet1!Y27/Sheet1!V27*100,2),"") | AW20: =IFERROR(ROUND(Sheet1!X27/Sheet1!V27*Sheet1!N20,0),"") | AX20: =IFERROR(ROUND(Sheet1!X27/Sheet1!V27*100,2),"") | AZ20: =IFERROR(ROUND(Sheet1!Z27/Sheet1!V27*Sheet1!N20,0),"") | BA20: =IFERROR(ROUND(Sheet1!Z27/Sheet1!V27*100,2),"") | BC20: =IFERROR(ROUND(Sheet1!AB27/Sheet1!AA27*Sheet1!D27,0),"") | BD20: =IFERROR(ROUND(Sheet1!AB27/Sheet1!AA27*100,2),"") | BF20: =IFERROR(ROUND(Sheet1!AD27/Sheet1!AA27*Sheet1!D27,0),"") | BG20: =IFERROR(ROUND(Sheet1!AC27/Sheet1!AA27*100,2),"") | BI20: =IFERROR(ROUND(Sheet1!AC27/Sheet1!AA27*Sheet1!D27,0),"") | BJ20: =IFERROR(ROUND(Sheet1!AD27/Sheet1!AA27*100,2),"")
A21: =IF(Sheet1!B28="","",Sheet1!B28) | B21: =IF(Sheet1!C28="","",Sheet1!C28) | C21: =IF(Sheet1!D28="","",Sheet1!D28) | D21: =IFERROR(ROUND(Sheet1!D28*Sheet1!F28/Sheet1!E28,2),"") | E21: =IFERROR(ROUND(Sheet1!F28/Sheet1!E28*100,2),"") | G21: =IFERROR(ROUND(Sheet1!D28*Sheet1!J28/Sheet1!G28,0),"") | H21: =IFERROR(ROUND(Sheet1!J28/Sheet1!G28*100,2),"") | J21: =IFERROR(ROUND(Sheet1!D28*Sheet1!K28/Sheet1!G28,0),"") | K21: =IFERROR(ROUND(Sheet1!K28/Sheet1!G28*100,2),"") | M21: =IFERROR(ROUND(Sheet1!D28*Sheet1!I28/Sheet1!G28,0),"") | N21: =IFERROR(ROUND(Sheet1!I28/Sheet1!G28*100,2),"") | P21: =IFERROR(ROUND(Sheet1!L28/Sheet1!H28*M21,0),"") | Q21: =IFERROR(ROUND(Sheet1!L28/Sheet1!H28*100,2),"") | S21: =IFERROR(ROUND(Sheet1!M28/Sheet1!H28*M21,0),"") | T21: =IFERROR(ROUND(Sheet1!M28/Sheet1!H28*100,2),"") | V21: =IFERROR(ROUND(Sheet1!O28/Sheet1!H28*M21,0),"") | W21: =IFERROR(ROUND(Sheet1!O28/Sheet1!H28*100,2),"") | AA21: =IFERROR(ROUND(Sheet1!P28/Sheet1!H28*100,2),"") | AC21: =IFERROR(ROUND(Sheet1!N28/Sheet1!H28*100,2),"") | AE21: =IFERROR(ROUND(Sheet1!Q28/Sheet1!H28*M21,0),"") | AF21: =IFERROR(ROUND(Sheet1!Q28/Sheet1!H28*100,2),"") | AH21: =IFERROR(ROUND(Sheet1!R28/Sheet1!H28*M21,0),"") | AI21: =IFERROR(ROUND(Sheet1!R28/Sheet1!H28*100,2),"") | AK21: =IFERROR(ROUND(AF21/AI21,2),"") | AL21: =IFERROR(ROUND(Sheet1!U28/Sheet1!S28*M21,0),"") | AM21: =IFERROR(ROUND(Sheet1!U28/Sheet1!T28*100,2),"") | AQ21: =IFERROR(ROUND(Sheet1!W28/Sheet1!V28*M21,0),"") | AR21: =IFERROR(ROUND(Sheet1!W28/Sheet1!V28*100,2),"") | AT21: =IFERROR(ROUND(Sheet1!Y28/Sheet1!V28*M21,0),"") | AU21: =IFERROR(ROUND(Sheet1!Y28/Sheet1!V28*100,2),"") | AW21: =IFERROR(ROUND(Sheet1!X28/Sheet1!V28*M21,0),"") | AX21: =IFERROR(ROUND(Sheet1!X28/Sheet1!V28*100,2),"") | AZ21: =IFERROR(ROUND(Sheet1!Z28/Sheet1!V28*M21,0),"") | BA21: =IFERROR(ROUND(Sheet1!Z28/Sheet1!V28*100,2),"") | BC21: =IFERROR(ROUND(Sheet1!AB28/Sheet1!AA28*Sheet1!D28,0),"") | BD21: =IFERROR(ROUND(Sheet1!AB28/Sheet1!AA28*100,2),"") | BF21: =IFERROR(ROUND(Sheet1!AD28/Sheet1!AA28*Sheet1!D28,0),"") | BG21: =IFERROR(ROUND(Sheet1!AC28/Sheet1!AA28*100,2),"") | BI21: =IFERROR(ROUND(Sheet1!AC28/Sheet1!AA28*Sheet1!D28,0),"") | BJ21: =IFERROR(ROUND(Sheet1!AD28/Sheet1!AA28*100,2),"")
A22: =IF(Sheet1!B29="","",Sheet1!B29) | B22: =IF(Sheet1!C29="","",Sheet1!C29) | C22: =IF(Sheet1!D29="","",Sheet1!D29) | D22: =IFERROR(ROUND(Sheet1!D29*Sheet1!F29/Sheet1!E29,2),"") | E22: =IFERROR(ROUND(Sheet1!F29/Sheet1!E29*100,2),"") | G22: =IFERROR(ROUND(Sheet1!D29*Sheet1!J29/Sheet1!G29,0),"") | H22: =IFERROR(ROUND(Sheet1!J29/Sheet1!G29*100,2),"") | J22: =IFERROR(ROUND(Sheet1!D29*Sheet1!K29/Sheet1!G29,0),"") | K22: =IFERROR(ROUND(Sheet1!K29/Sheet1!G29*100,2),"") | M22: =IFERROR(ROUND(Sheet1!D29*Sheet1!I29/Sheet1!G29,0),"") | N22: =IFERROR(ROUND(Sheet1!I29/Sheet1!G29*100,2),"") | P22: =IFERROR(ROUND(Sheet1!L29/Sheet1!H29*M22,0),"") | Q22: =IFERROR(ROUND(Sheet1!L29/Sheet1!H29*100,2),"") | S22: =IFERROR(ROUND(Sheet1!M29/Sheet1!H29*M22,0),"") | T22: =IFERROR(ROUND(Sheet1!M29/Sheet1!H29*100,2),"") | V22: =IFERROR(ROUND(Sheet1!O29/Sheet1!H29*M22,0),"") | W22: =IFERROR(ROUND(Sheet1!O29/Sheet1!H29*100,2),"") | AA22: =IFERROR(ROUND(Sheet1!P29/Sheet1!H29*100,2),"") | AC22: =IFERROR(ROUND(Sheet1!N29/Sheet1!H29*100,2),"") | AE22: =IFERROR(ROUND(Sheet1!Q29/Sheet1!H29*M22,0),"") | AF22: =IFERROR(ROUND(Sheet1!Q29/Sheet1!H29*100,2),"") | AH22: =IFERROR(ROUND(Sheet1!R29/Sheet1!H29*M22,0),"") | AI22: =IFERROR(ROUND(Sheet1!R29/Sheet1!H29*100,2),"") | AK22: =IFERROR(ROUND(AF22/AI22,2),"") | AL22: =IFERROR(ROUND(Sheet1!U29/Sheet1!S29*M22,0),"") | AM22: =IFERROR(ROUND(Sheet1!U29/Sheet1!T29*100,2),"") | AQ22: =IFERROR(ROUND(Sheet1!W29/Sheet1!V29*M22,0),"") | AR22: =IFERROR(ROUND(Sheet1!W29/Sheet1!V29*100,2),"") | AT22: =IFERROR(ROUND(Sheet1!Y29/Sheet1!V29*M22,0),"") | AU22: =IFERROR(ROUND(Sheet1!Y29/Sheet1!V29*100,2),"") | AW22: =IFERROR(ROUND(Sheet1!X29/Sheet1!V29*M22,0),"") | AX22: =IFERROR(ROUND(Sheet1!X29/Sheet1!V29*100,2),"") | AZ22: =IFERROR(ROUND(Sheet1!Z29/Sheet1!V29*M22,0),"") | BA22: =IFERROR(ROUND(Sheet1!Z29/Sheet1!V29*100,2),"") | BC22: =IFERROR(ROUND(Sheet1!AB29/Sheet1!AA29*Sheet1!D29,0),"") | BD22: =IFERROR(ROUND(Sheet1!AB29/Sheet1!AA29*100,2),"") | BF22: =IFERROR(ROUND(Sheet1!AD29/Sheet1!AA29*Sheet1!D29,0),"") | BG22: =IFERROR(ROUND(Sheet1!AC29/Sheet1!AA29*100,2),"") | BI22: =IFERROR(ROUND(Sheet1!AC29/Sheet1!AA29*Sheet1!D29,0),"") | BJ22: =IFERROR(ROUND(Sheet1!AD29/Sheet1!AA29*100,2),"")
A23: =IF(Sheet1!B30="","",Sheet1!B30) | B23: =IF(Sheet1!C30="","",Sheet1!C30) | C23: =IF(Sheet1!D30="","",Sheet1!D30) | D23: =IFERROR(ROUND(Sheet1!D30*Sheet1!F30/Sheet1!E30,2),"") | E23: =IFERROR(ROUND(Sheet1!F30/Sheet1!E30*100,2),"") | G23: =IFERROR(ROUND(Sheet1!D30*Sheet1!J30/Sheet1!G30,0),"") | H23: =IFERROR(ROUND(Sheet1!J30/Sheet1!G30*100,2),"") | J23: =IFERROR(ROUND(Sheet1!D30*Sheet1!K30/Sheet1!G30,0),"") | K23: =IFERROR(ROUND(Sheet1!K30/Sheet1!G30*100,2),"") | M23: =IFERROR(ROUND(Sheet1!D30*Sheet1!I30/Sheet1!G30,0),"") | N23: =IFERROR(ROUND(Sheet1!I30/Sheet1!G30*100,2),"") | P23: =IFERROR(ROUND(Sheet1!L30/Sheet1!H30*M23,0),"") | Q23: =IFERROR(ROUND(Sheet1!L30/Sheet1!H30*100,2),"") | S23: =IFERROR(ROUND(Sheet1!M30/Sheet1!H30*M23,0),"") | T23: =IFERROR(ROUND(Sheet1!M30/Sheet1!H30*100,2),"") | V23: =IFERROR(ROUND(Sheet1!O30/Sheet1!H30*M23,0),"") | W23: =IFERROR(ROUND(Sheet1!O30/Sheet1!H30*100,2),"") | AA23: =IFERROR(ROUND(Sheet1!P30/Sheet1!H30*100,2),"") | AC23: =IFERROR(ROUND(Sheet1!N30/Sheet1!H30*100,2),"") | AE23: =IFERROR(ROUND(Sheet1!Q30/Sheet1!H30*M23,0),"") | AF23: =IFERROR(ROUND(Sheet1!Q30/Sheet1!H30*100,2),"") | AH23: =IFERROR(ROUND(Sheet1!R30/Sheet1!H30*M23,0),"") | AI23: =IFERROR(ROUND(Sheet1!R30/Sheet1!H30*100,2),"") | AK23: =IFERROR(ROUND(AF23/AI23,2),"") | AL23: =IFERROR(ROUND(Sheet1!U30/Sheet1!S30*M23,0),"") | AM23: =IFERROR(ROUND(Sheet1!U30/Sheet1!T30*100,2),"") | AQ23: =IFERROR(ROUND(Sheet1!W30/Sheet1!V30*M23,0),"") | AR23: =IFERROR(ROUND(Sheet1!W30/Sheet1!V30*100,2),"") | AT23: =IFERROR(ROUND(Sheet1!Y30/Sheet1!V30*M23,0),"") | AU23: =IFERROR(ROUND(Sheet1!Y30/Sheet1!V30*100,2),"") | AW23: =IFERROR(ROUND(Sheet1!X30/Sheet1!V30*M23,0),"") | AX23: =IFERROR(ROUND(Sheet1!X30/Sheet1!V30*100,2),"") | AZ23: =IFERROR(ROUND(Sheet1!Z30/Sheet1!V30*M23,0),"") | BA23: =IFERROR(ROUND(Sheet1!Z30/Sheet1!V30*100,2),"") | BC23: =IFERROR(ROUND(Sheet1!AB30/Sheet1!AA30*Sheet1!D30,0),"") | BD23: =IFERROR(ROUND(Sheet1!AB30/Sheet1!AA30*100,2),"") | BF23: =IFERROR(ROUND(Sheet1!AD30/Sheet1!AA30*Sheet1!D30,0),"") | BG23: =IFERROR(ROUND(Sheet1!AC30/Sheet1!AA30*100,2),"") | BI23: =IFERROR(ROUND(Sheet1!AC30/Sheet1!AA30*Sheet1!D30,0),"") | BJ23: =IFERROR(ROUND(Sheet1!AD30/Sheet1!AA30*100,2),"")
A24: =IF(Sheet1!B31="","",Sheet1!B31) | B24: =IF(Sheet1!C31="","",Sheet1!C31) | C24: =IF(Sheet1!D31="","",Sheet1!D31) | D24: =IFERROR(ROUND(Sheet1!D31*Sheet1!F31/Sheet1!E31,2),"") | E24: =IFERROR(ROUND(Sheet1!F31/Sheet1!E31*100,2),"") | G24: =IFERROR(ROUND(Sheet1!D31*Sheet1!J31/Sheet1!G31,0),"") | H24: =IFERROR(ROUND(Sheet1!J31/Sheet1!G31*100,2),"") | J24: =IFERROR(ROUND(Sheet1!D31*Sheet1!K31/Sheet1!G31,0),"") | K24: =IFERROR(ROUND(Sheet1!K31/Sheet1!G31*100,2),"") | M24: =IFERROR(ROUND(Sheet1!D31*Sheet1!I31/Sheet1!G31,0),"") | N24: =IFERROR(ROUND(Sheet1!I31/Sheet1!G31*100,2),"") | P24: =IFERROR(ROUND(Sheet1!L31/Sheet1!H31*M24,0),"") | Q24: =IFERROR(ROUND(Sheet1!L31/Sheet1!H31*100,2),"") | S24: =IFERROR(ROUND(Sheet1!M31/Sheet1!H31*M24,0),"") | T24: =IFERROR(ROUND(Sheet1!M31/Sheet1!H31*100,2),"") | V24: =IFERROR(ROUND(Sheet1!O31/Sheet1!H31*M24,0),"") | W24: =IFERROR(ROUND(Sheet1!O31/Sheet1!H31*100,2),"") | AA24: =IFERROR(ROUND(Sheet1!P31/Sheet1!H31*100,2),"") | AC24: =IFERROR(ROUND(Sheet1!N31/Sheet1!H31*100,2),"") | AE24: =IFERROR(ROUND(Sheet1!Q31/Sheet1!H31*M24,0),"") | AF24: =IFERROR(ROUND(Sheet1!Q31/Sheet1!H31*100,2),"") | AH24: =IFERROR(ROUND(Sheet1!R31/Sheet1!H31*M24,0),"") | AI24: =IFERROR(ROUND(Sheet1!R31/Sheet1!H31*100,2),"") | AK24: =IFERROR(ROUND(AF24/AI24,2),"") | AL24: =IFERROR(ROUND(Sheet1!U31/Sheet1!S31*M24,0),"") | AM24: =IFERROR(ROUND(Sheet1!U31/Sheet1!T31*100,2),"") | AQ24: =IFERROR(ROUND(Sheet1!W31/Sheet1!V31*M24,0),"") | AR24: =IFERROR(ROUND(Sheet1!W31/Sheet1!V31*100,2),"") | AT24: =IFERROR(ROUND(Sheet1!Y31/Sheet1!V31*M24,0),"") | AU24: =IFERROR(ROUND(Sheet1!Y31/Sheet1!V31*100,2),"") | AW24: =IFERROR(ROUND(Sheet1!X31/Sheet1!V31*M24,0),"") | AX24: =IFERROR(ROUND(Sheet1!X31/Sheet1!V31*100,2),"") | AZ24: =IFERROR(ROUND(Sheet1!Z31/Sheet1!V31*M24,0),"") | BA24: =IFERROR(ROUND(Sheet1!Z31/Sheet1!V31*100,2),"") | BC24: =IFERROR(ROUND(Sheet1!AB31/Sheet1!AA31*Sheet1!D31,0),"") | BD24: =IFERROR(ROUND(Sheet1!AB31/Sheet1!AA31*100,2),"") | BF24: =IFERROR(ROUND(Sheet1!AD31/Sheet1!AA31*Sheet1!D31,0),"") | BG24: =IFERROR(ROUND(Sheet1!AC31/Sheet1!AA31*100,2),"") | BI24: =IFERROR(ROUND(Sheet1!AC31/Sheet1!AA31*Sheet1!D31,0),"") | BJ24: =IFERROR(ROUND(Sheet1!AD31/Sheet1!AA31*100,2),"")
A25: =IF(Sheet1!B32="","",Sheet1!B32) | B25: =IF(Sheet1!C32="","",Sheet1!C32) | C25: =IF(Sheet1!D32="","",Sheet1!D32) | D25: =IFERROR(ROUND(Sheet1!D32*Sheet1!F32/Sheet1!E32,2),"") | E25: =IFERROR(ROUND(Sheet1!F32/Sheet1!E32*100,2),"") | G25: =IFERROR(ROUND(Sheet1!D32*Sheet1!J32/Sheet1!G32,0),"") | H25: =IFERROR(ROUND(Sheet1!J32/Sheet1!G32*100,2),"") | J25: =IFERROR(ROUND(Sheet1!D32*Sheet1!K32/Sheet1!G32,0),"") | K25: =IFERROR(ROUND(Sheet1!K32/Sheet1!G32*100,2),"") | M25: =IFERROR(ROUND(Sheet1!D32*Sheet1!I32/Sheet1!G32,0),"") | N25: =IFERROR(ROUND(Sheet1!I32/Sheet1!G32*100,2),"") | P25: =IFERROR(ROUND(Sheet1!L32/Sheet1!H32*M25,0),"") | Q25: =IFERROR(ROUND(Sheet1!L32/Sheet1!H32*100,2),"") | S25: =IFERROR(ROUND(Sheet1!M32/Sheet1!H32*M25,0),"") | T25: =IFERROR(ROUND(Sheet1!M32/Sheet1!H32*100,2),"") | V25: =IFERROR(ROUND(Sheet1!O32/Sheet1!H32*M25,0),"") | W25: =IFERROR(ROUND(Sheet1!O32/Sheet1!H32*100,2),"") | AA25: =IFERROR(ROUND(Sheet1!P32/Sheet1!H32*100,2),"") | AC25: =IFERROR(ROUND(Sheet1!N32/Sheet1!H32*100,2),"") | AE25: =IFERROR(ROUND(Sheet1!Q32/Sheet1!H32*M25,0),"") | AF25: =IFERROR(ROUND(Sheet1!Q32/Sheet1!H32*100,2),"") | AH25: =IFERROR(ROUND(Sheet1!R32/Sheet1!H32*M25,0),"") | AI25: =IFERROR(ROUND(Sheet1!R32/Sheet1!H32*100,2),"") | AK25: =IFERROR(ROUND(AF25/AI25,2),"") | AL25: =IFERROR(ROUND(Sheet1!U32/Sheet1!S32*M25,0),"") | AM25: =IFERROR(ROUND(Sheet1!U32/Sheet1!T32*100,2),"") | AQ25: =IFERROR(ROUND(Sheet1!W32/Sheet1!V32*M25,0),"") | AR25: =IFERROR(ROUND(Sheet1!W32/Sheet1!V32*100,2),"") | AT25: =IFERROR(ROUND(Sheet1!Y32/Sheet1!V32*M25,0),"") | AU25: =IFERROR(ROUND(Sheet1!Y32/Sheet1!V32*100,2),"") | AW25: =IFERROR(ROUND(Sheet1!X32/Sheet1!V32*M25,0),"") | AX25: =IFERROR(ROUND(Sheet1!X32/Sheet1!V32*100,2),"") | AZ25: =IFERROR(ROUND(Sheet1!Z32/Sheet1!V32*M25,0),"") | BA25: =IFERROR(ROUND(Sheet1!Z32/Sheet1!V32*100,2),"") | BC25: =IFERROR(ROUND(Sheet1!AB32/Sheet1!AA32*Sheet1!D32,0),"") | BD25: =IFERROR(ROUND(Sheet1!AB32/Sheet1!AA32*100,2),"") | BF25: =IFERROR(ROUND(Sheet1!AD32/Sheet1!AA32*Sheet1!D32,0),"") | BG25: =IFERROR(ROUND(Sheet1!AC32/Sheet1!AA32*100,2),"") | BI25: =IFERROR(ROUND(Sheet1!AC32/Sheet1!AA32*Sheet1!D32,0),"") | BJ25: =IFERROR(ROUND(Sheet1!AD32/Sheet1!AA32*100,2),"")
A26: =IF(Sheet1!B33="","",Sheet1!B33) | B26: =IF(Sheet1!C33="","",Sheet1!C33) | C26: =IF(Sheet1!D33="","",Sheet1!D33) | D26: =IFERROR(ROUND(Sheet1!D33*Sheet1!F33/Sheet1!E33,2),"") | E26: =IFERROR(ROUND(Sheet1!F33/Sheet1!E33*100,2),"") | G26: =IFERROR(ROUND(Sheet1!D33*Sheet1!J33/Sheet1!G33,0),"") | H26: =IFERROR(ROUND(Sheet1!J33/Sheet1!G33*100,2),"") | J26: =IFERROR(ROUND(Sheet1!D33*Sheet1!K33/Sheet1!G33,0),"") | K26: =IFERROR(ROUND(Sheet1!K33/Sheet1!G33*100,2),"") | M26: =IFERROR(ROUND(Sheet1!D33*Sheet1!I33/Sheet1!G33,0),"") | N26: =IFERROR(ROUND(Sheet1!I33/Sheet1!G33*100,2),"") | P26: =IFERROR(ROUND(Sheet1!L33/Sheet1!H33*M26,0),"") | Q26: =IFERROR(ROUND(Sheet1!L33/Sheet1!H33*100,2),"") | S26: =IFERROR(ROUND(Sheet1!M33/Sheet1!H33*M26,0),"") | T26: =IFERROR(ROUND(Sheet1!M33/Sheet1!H33*100,2),"") | V26: =IFERROR(ROUND(Sheet1!O33/Sheet1!H33*M26,0),"") | W26: =IFERROR(ROUND(Sheet1!O33/Sheet1!H33*100,2),"") | AA26: =IFERROR(ROUND(Sheet1!P33/Sheet1!H33*100,2),"") | AC26: =IFERROR(ROUND(Sheet1!N33/Sheet1!H33*100,2),"") | AE26: =IFERROR(ROUND(Sheet1!Q33/Sheet1!H33*M26,0),"") | AF26: =IFERROR(ROUND(Sheet1!Q33/Sheet1!H33*100,2),"") | AH26: =IFERROR(ROUND(Sheet1!R33/Sheet1!H33*M26,0),"") | AI26: =IFERROR(ROUND(Sheet1!R33/Sheet1!H33*100,2),"") | AK26: =IFERROR(ROUND(AF26/AI26,2),"") | AL26: =IFERROR(ROUND(Sheet1!U33/Sheet1!S33*M26,0),"") | AM26: =IFERROR(ROUND(Sheet1!U33/Sheet1!T33*100,2),"") | AQ26: =IFERROR(ROUND(Sheet1!W33/Sheet1!V33*M26,0),"") | AR26: =IFERROR(ROUND(Sheet1!W33/Sheet1!V33*100,2),"") | AT26: =IFERROR(ROUND(Sheet1!Y33/Sheet1!V33*M26,0),"") | AU26: =IFERROR(ROUND(Sheet1!Y33/Sheet1!V33*100,2),"") | AW26: =IFERROR(ROUND(Sheet1!X33/Sheet1!V33*M26,0),"") | AX26: =IFERROR(ROUND(Sheet1!X33/Sheet1!V33*100,2),"") | AZ26: =IFERROR(ROUND(Sheet1!Z33/Sheet1!V33*M26,0),"") | BA26: =IFERROR(ROUND(Sheet1!Z33/Sheet1!V33*100,2),"") | BC26: =IFERROR(ROUND(Sheet1!AB33/Sheet1!AA33*Sheet1!D33,0),"") | BD26: =IFERROR(ROUND(Sheet1!AB33/Sheet1!AA33*100,2),"") | BF26: =IFERROR(ROUND(Sheet1!AD33/Sheet1!AA33*Sheet1!D33,0),"") | BG26: =IFERROR(ROUND(Sheet1!AC33/Sheet1!AA33*100,2),"") | BI26: =IFERROR(ROUND(Sheet1!AC33/Sheet1!AA33*Sheet1!D33,0),"") | BJ26: =IFERROR(ROUND(Sheet1!AD33/Sheet1!AA33*100,2),"")
A27: =IF(Sheet1!B34="","",Sheet1!B34) | B27: =IF(Sheet1!C34="","",Sheet1!C34) | C27: =IF(Sheet1!D34="","",Sheet1!D34) | D27: =IFERROR(ROUND(Sheet1!D34*Sheet1!F34/Sheet1!E34,2),"") | E27: =IFERROR(ROUND(Sheet1!F34/Sheet1!E34*100,2),"") | G27: =IFERROR(ROUND(Sheet1!D34*Sheet1!J34/Sheet1!G34,0),"") | H27: =IFERROR(ROUND(Sheet1!J34/Sheet1!G34*100,2),"") | J27: =IFERROR(ROUND(Sheet1!D34*Sheet1!K34/Sheet1!G34,0),"") | K27: =IFERROR(ROUND(Sheet1!K34/Sheet1!G34*100,2),"") | M27: =IFERROR(ROUND(Sheet1!D34*Sheet1!I34/Sheet1!G34,0),"") | N27: =IFERROR(ROUND(Sheet1!I34/Sheet1!G34*100,2),"") | P27: =IFERROR(ROUND(Sheet1!L34/Sheet1!H34*M27,0),"") | Q27: =IFERROR(ROUND(Sheet1!L34/Sheet1!H34*100,2),"") | S27: =IFERROR(ROUND(Sheet1!M34/Sheet1!H34*M27,0),"") | T27: =IFERROR(ROUND(Sheet1!M34/Sheet1!H34*100,2),"") | V27: =IFERROR(ROUND(Sheet1!O34/Sheet1!H34*M27,0),"") | W27: =IFERROR(ROUND(Sheet1!O34/Sheet1!H34*100,2),"") | AA27: =IFERROR(ROUND(Sheet1!P34/Sheet1!H34*100,2),"") | AC27: =IFERROR(ROUND(Sheet1!N34/Sheet1!H34*100,2),"") | AE27: =IFERROR(ROUND(Sheet1!Q34/Sheet1!H34*M27,0),"") | AF27: =IFERROR(ROUND(Sheet1!Q34/Sheet1!H34*100,2),"") | AH27: =IFERROR(ROUND(Sheet1!R34/Sheet1!H34*M27,0),"") | AI27: =IFERROR(ROUND(Sheet1!R34/Sheet1!H34*100,2),"") | AK27: =IFERROR(ROUND(AF27/AI27,2),"") | AL27: =IFERROR(ROUND(Sheet1!U34/Sheet1!S34*M27,0),"") | AM27: =IFERROR(ROUND(Sheet1!U34/Sheet1!T34*100,2),"") | AQ27: =IFERROR(ROUND(Sheet1!W34/Sheet1!V34*M27,0),"") | AR27: =IFERROR(ROUND(Sheet1!W34/Sheet1!V34*100,2),"") | AT27: =IFERROR(ROUND(Sheet1!Y34/Sheet1!V34*M27,0),"") | AU27: =IFERROR(ROUND(Sheet1!Y34/Sheet1!V34*100,2),"") | AW27: =IFERROR(ROUND(Sheet1!X34/Sheet1!V34*M27,0),"") | AX27: =IFERROR(ROUND(Sheet1!X34/Sheet1!V34*100,2),"") | AZ27: =IFERROR(ROUND(Sheet1!Z34/Sheet1!V34*M27,0),"") | BA27: =IFERROR(ROUND(Sheet1!Z34/Sheet1!V34*100,2),"") | BC27: =IFERROR(ROUND(Sheet1!AB34/Sheet1!AA34*Sheet1!D34,0),"") | BD27: =IFERROR(ROUND(Sheet1!AB34/Sheet1!AA34*100,2),"") | BF27: =IFERROR(ROUND(Sheet1!AD34/Sheet1!AA34*Sheet1!D34,0),"") | BG27: =IFERROR(ROUND(Sheet1!AC34/Sheet1!AA34*100,2),"") | BI27: =IFERROR(ROUND(Sheet1!AC34/Sheet1!AA34*Sheet1!D34,0),"") | BJ27: =IFERROR(ROUND(Sheet1!AD34/Sheet1!AA34*100,2),"")
A28: =IF(Sheet1!B35="","",Sheet1!B35) | B28: =IF(Sheet1!C35="","",Sheet1!C35) | C28: =IF(Sheet1!D35="","",Sheet1!D35) | D28: =IFERROR(ROUND(Sheet1!D35*Sheet1!F35/Sheet1!E35,2),"") | E28: =IFERROR(ROUND(Sheet1!F35/Sheet1!E35*100,2),"") | G28: =IFERROR(ROUND(Sheet1!D35*Sheet1!J35/Sheet1!G35,0),"") | H28: =IFERROR(ROUND(Sheet1!J35/Sheet1!G35*100,2),"") | J28: =IFERROR(ROUND(Sheet1!D35*Sheet1!K35/Sheet1!G35,0),"") | K28: =IFERROR(ROUND(Sheet1!K35/Sheet1!G35*100,2),"") | M28: =IFERROR(ROUND(Sheet1!D35*Sheet1!I35/Sheet1!G35,0),"") | N28: =IFERROR(ROUND(Sheet1!I35/Sheet1!G35*100,2),"") | P28: =IFERROR(ROUND(Sheet1!L35/Sheet1!H35*M28,0),"") | Q28: =IFERROR(ROUND(Sheet1!L35/Sheet1!H35*100,2),"") | S28: =IFERROR(ROUND(Sheet1!M35/Sheet1!H35*M28,0),"") | T28: =IFERROR(ROUND(Sheet1!M35/Sheet1!H35*100,2),"") | V28: =IFERROR(ROUND(Sheet1!O35/Sheet1!H35*M28,0),"") | W28: =IFERROR(ROUND(Sheet1!O35/Sheet1!H35*100,2),"") | AA28: =IFERROR(ROUND(Sheet1!P35/Sheet1!H35*100,2),"") | AC28: =IFERROR(ROUND(Sheet1!N35/Sheet1!H35*100,2),"") | AE28: =IFERROR(ROUND(Sheet1!Q35/Sheet1!H35*M28,0),"") | AF28: =IFERROR(ROUND(Sheet1!Q35/Sheet1!H35*100,2),"") | AH28: =IFERROR(ROUND(Sheet1!R35/Sheet1!H35*M28,0),"") | AI28: =IFERROR(ROUND(Sheet1!R35/Sheet1!H35*100,2),"") | AK28: =IFERROR(ROUND(AF28/AI28,2),"") | AL28: =IFERROR(ROUND(Sheet1!U35/Sheet1!S35*M28,0),"") | AM28: =IFERROR(ROUND(Sheet1!U35/Sheet1!T35*100,2),"") | AQ28: =IFERROR(ROUND(Sheet1!W35/Sheet1!V35*M28,0),"") | AR28: =IFERROR(ROUND(Sheet1!W35/Sheet1!V35*100,2),"") | AT28: =IFERROR(ROUND(Sheet1!Y35/Sheet1!V35*M28,0),"") | AU28: =IFERROR(ROUND(Sheet1!Y35/Sheet1!V35*100,2),"") | AW28: =IFERROR(ROUND(Sheet1!X35/Sheet1!V35*M28,0),"") | AX28: =IFERROR(ROUND(Sheet1!X35/Sheet1!V35*100,2),"") | AZ28: =IFERROR(ROUND(Sheet1!Z35/Sheet1!V35*M28,0),"") | BA28: =IFERROR(ROUND(Sheet1!Z35/Sheet1!V35*100,2),"") | BC28: =IFERROR(ROUND(Sheet1!AB35/Sheet1!AA35*Sheet1!D35,0),"") | BD28: =IFERROR(ROUND(Sheet1!AB35/Sheet1!AA35*100,2),"") | BF28: =IFERROR(ROUND(Sheet1!AD35/Sheet1!AA35*Sheet1!D35,0),"") | BG28: =IFERROR(ROUND(Sheet1!AC35/Sheet1!AA35*100,2),"") | BI28: =IFERROR(ROUND(Sheet1!AC35/Sheet1!AA35*Sheet1!D35,0),"") | BJ28: =IFERROR(ROUND(Sheet1!AD35/Sheet1!AA35*100,2),"")
A29: =IF(Sheet1!B36="","",Sheet1!B36) | B29: =IF(Sheet1!C36="","",Sheet1!C36) | C29: =IF(Sheet1!D36="","",Sheet1!D36) | D29: =IFERROR(ROUND(Sheet1!D36*Sheet1!F36/Sheet1!E36,2),"") | E29: =IFERROR(ROUND(Sheet1!F36/Sheet1!E36*100,2),"") | G29: =IFERROR(ROUND(Sheet1!D36*Sheet1!J36/Sheet1!G36,0),"") | H29: =IFERROR(ROUND(Sheet1!J36/Sheet1!G36*100,2),"") | J29: =IFERROR(ROUND(Sheet1!D36*Sheet1!K36/Sheet1!G36,0),"") | K29: =IFERROR(ROUND(Sheet1!K36/Sheet1!G36*100,2),"") | M29: =IFERROR(ROUND(Sheet1!D36*Sheet1!I36/Sheet1!G36,0),"") | N29: =IFERROR(ROUND(Sheet1!I36/Sheet1!G36*100,2),"") | P29: =IFERROR(ROUND(Sheet1!L36/Sheet1!H36*M29,0),"") | Q29: =IFERROR(ROUND(Sheet1!L36/Sheet1!H36*100,2),"") | S29: =IFERROR(ROUND(Sheet1!M36/Sheet1!H36*M29,0),"") | T29: =IFERROR(ROUND(Sheet1!M36/Sheet1!H36*100,2),"") | V29: =IFERROR(ROUND(Sheet1!O36/Sheet1!H36*M29,0),"") | W29: =IFERROR(ROUND(Sheet1!O36/Sheet1!H36*100,2),"") | AA29: =IFERROR(ROUND(Sheet1!P36/Sheet1!H36*100,2),"") | AC29: =IFERROR(ROUND(Sheet1!N36/Sheet1!H36*100,2),"") | AE29: =IFERROR(ROUND(Sheet1!Q36/Sheet1!H36*M29,0),"") | AF29: =IFERROR(ROUND(Sheet1!Q36/Sheet1!H36*100,2),"") | AH29: =IFERROR(ROUND(Sheet1!R36/Sheet1!H36*M29,0),"") | AI29: =IFERROR(ROUND(Sheet1!R36/Sheet1!H36*100,2),"") | AK29: =IFERROR(ROUND(AF29/AI29,2),"") | AL29: =IFERROR(ROUND(Sheet1!U36/Sheet1!S36*M29,0),"") | AM29: =IFERROR(ROUND(Sheet1!U36/Sheet1!T36*100,2),"") | AQ29: =IFERROR(ROUND(Sheet1!W36/Sheet1!V36*M29,0),"") | AR29: =IFERROR(ROUND(Sheet1!W36/Sheet1!V36*100,2),"") | AT29: =IFERROR(ROUND(Sheet1!Y36/Sheet1!V36*M29,0),"") | AU29: =IFERROR(ROUND(Sheet1!Y36/Sheet1!V36*100,2),"") | AW29: =IFERROR(ROUND(Sheet1!X36/Sheet1!V36*M29,0),"") | AX29: =IFERROR(ROUND(Sheet1!X36/Sheet1!V36*100,2),"") | AZ29: =IFERROR(ROUND(Sheet1!Z36/Sheet1!V36*M29,0),"") | BA29: =IFERROR(ROUND(Sheet1!Z36/Sheet1!V36*100,2),"") | BC29: =IFERROR(ROUND(Sheet1!AB36/Sheet1!AA36*Sheet1!D36,0),"") | BD29: =IFERROR(ROUND(Sheet1!AB36/Sheet1!AA36*100,2),"") | BF29: =IFERROR(ROUND(Sheet1!AD36/Sheet1!AA36*Sheet1!D36,0),"") | BG29: =IFERROR(ROUND(Sheet1!AC36/Sheet1!AA36*100,2),"") | BI29: =IFERROR(ROUND(Sheet1!AC36/Sheet1!AA36*Sheet1!D36,0),"") | BJ29: =IFERROR(ROUND(Sheet1!AD36/Sheet1!AA36*100,2),"")
A30: =IF(Sheet1!B37="","",Sheet1!B37) | B30: =IF(Sheet1!C37="","",Sheet1!C37) | C30: =IF(Sheet1!D37="","",Sheet1!D37) | D30: =IFERROR(ROUND(Sheet1!D37*Sheet1!F37/Sheet1!E37,2),"") | E30: =IFERROR(ROUND(Sheet1!F37/Sheet1!E37*100,2),"") | G30: =IFERROR(ROUND(Sheet1!D37*Sheet1!J37/Sheet1!G37,0),"") | H30: =IFERROR(ROUND(Sheet1!J37/Sheet1!G37*100,2),"") | J30: =IFERROR(ROUND(Sheet1!D37*Sheet1!K37/Sheet1!G37,0),"") | K30: =IFERROR(ROUND(Sheet1!K37/Sheet1!G37*100,2),"") | M30: =IFERROR(ROUND(Sheet1!D37*Sheet1!I37/Sheet1!G37,0),"") | N30: =IFERROR(ROUND(Sheet1!I37/Sheet1!G37*100,2),"") | P30: =IFERROR(ROUND(Sheet1!L37/Sheet1!H37*M30,0),"") | Q30: =IFERROR(ROUND(Sheet1!L37/Sheet1!H37*100,2),"") | S30: =IFERROR(ROUND(Sheet1!M37/Sheet1!H37*M30,0),"") | T30: =IFERROR(ROUND(Sheet1!M37/Sheet1!H37*100,2),"") | V30: =IFERROR(ROUND(Sheet1!O37/Sheet1!H37*M30,0),"") | W30: =IFERROR(ROUND(Sheet1!O37/Sheet1!H37*100,2),"") | AA30: =IFERROR(ROUND(Sheet1!P37/Sheet1!H37*100,2),"") | AC30: =IFERROR(ROUND(Sheet1!N37/Sheet1!H37*100,2),"") | AE30: =IFERROR(ROUND(Sheet1!Q37/Sheet1!H37*M30,0),"") | AF30: =IFERROR(ROUND(Sheet1!Q37/Sheet1!H37*100,2),"") | AH30: =IFERROR(ROUND(Sheet1!R37/Sheet1!H37*M30,0),"") | AI30: =IFERROR(ROUND(Sheet1!R37/Sheet1!H37*100,2),"") | AK30: =IFERROR(ROUND(AF30/AI30,2),"") | AL30: =IFERROR(ROUND(Sheet1!U37/Sheet1!S37*M30,0),"") | AM30: =IFERROR(ROUND(Sheet1!U37/Sheet1!T37*100,2),"") | AQ30: =IFERROR(ROUND(Sheet1!W37/Sheet1!V37*M30,0),"") | AR30: =IFERROR(ROUND(Sheet1!W37/Sheet1!V37*100,2),"") | AT30: =IFERROR(ROUND(Sheet1!Y37/Sheet1!V37*M30,0),"") | AU30: =IFERROR(ROUND(Sheet1!Y37/Sheet1!V37*100,2),"") | AW30: =IFERROR(ROUND(Sheet1!X37/Sheet1!V37*M30,0),"") | AX30: =IFERROR(ROUND(Sheet1!X37/Sheet1!V37*100,2),"") | AZ30: =IFERROR(ROUND(Sheet1!Z37/Sheet1!V37*M30,0),"") | BA30: =IFERROR(ROUND(Sheet1!Z37/Sheet1!V37*100,2),"") | BC30: =IFERROR(ROUND(Sheet1!AB37/Sheet1!AA37*Sheet1!D37,0),"") | BD30: =IFERROR(ROUND(Sheet1!AB37/Sheet1!AA37*100,2),"") | BF30: =IFERROR(ROUND(Sheet1!AD37/Sheet1!AA37*Sheet1!D37,0),"") | BG30: =IFERROR(ROUND(Sheet1!AC37/Sheet1!AA37*100,2),"") | BI30: =IFERROR(ROUND(Sheet1!AC37/Sheet1!AA37*Sheet1!D37,0),"") | BJ30: =IFERROR(ROUND(Sheet1!AD37/Sheet1!AA37*100,2),"")
A31: =IF(Sheet1!B38="","",Sheet1!B38) | B31: =IF(Sheet1!C38="","",Sheet1!C38) | C31: =IF(Sheet1!D38="","",Sheet1!D38) | D31: =IFERROR(ROUND(Sheet1!D38*Sheet1!F38/Sheet1!E38,2),"") | E31: =IFERROR(ROUND(Sheet1!F38/Sheet1!E38*100,2),"") | G31: =IFERROR(ROUND(Sheet1!D38*Sheet1!J38/Sheet1!G38,0),"") | H31: =IFERROR(ROUND(Sheet1!J38/Sheet1!G38*100,2),"") | J31: =IFERROR(ROUND(Sheet1!D38*Sheet1!K38/Sheet1!G38,0),"") | K31: =IFERROR(ROUND(Sheet1!K38/Sheet1!G38*100,2),"") | M31: =IFERROR(ROUND(Sheet1!D38*Sheet1!I38/Sheet1!G38,0),"") | N31: =IFERROR(ROUND(Sheet1!I38/Sheet1!G38*100,2),"") | P31: =IFERROR(ROUND(Sheet1!L38/Sheet1!H38*M31,0),"") | Q31: =IFERROR(ROUND(Sheet1!L38/Sheet1!H38*100,2),"") | S31: =IFERROR(ROUND(Sheet1!M38/Sheet1!H38*M31,0),"") | T31: =IFERROR(ROUND(Sheet1!M38/Sheet1!H38*100,2),"") | V31: =IFERROR(ROUND(Sheet1!O38/Sheet1!H38*M31,0),"") | W31: =IFERROR(ROUND(Sheet1!O38/Sheet1!H38*100,2),"") | AA31: =IFERROR(ROUND(Sheet1!P38/Sheet1!H38*100,2),"") | AC31: =IFERROR(ROUND(Sheet1!N38/Sheet1!H38*100,2),"") | AE31: =IFERROR(ROUND(Sheet1!Q38/Sheet1!H38*M31,0),"") | AF31: =IFERROR(ROUND(Sheet1!Q38/Sheet1!H38*100,2),"") | AH31: =IFERROR(ROUND(Sheet1!R38/Sheet1!H38*M31,0),"") | AI31: =IFERROR(ROUND(Sheet1!R38/Sheet1!H38*100,2),"") | AK31: =IFERROR(ROUND(AF31/AI31,2),"") | AL31: =IFERROR(ROUND(Sheet1!U38/Sheet1!S38*M31,0),"") | AM31: =IFERROR(ROUND(Sheet1!U38/Sheet1!T38*100,2),"") | AQ31: =IFERROR(ROUND(Sheet1!W38/Sheet1!V38*M31,0),"") | AR31: =IFERROR(ROUND(Sheet1!W38/Sheet1!V38*100,2),"") | AT31: =IFERROR(ROUND(Sheet1!Y38/Sheet1!V38*M31,0),"") | AU31: =IFERROR(ROUND(Sheet1!Y38/Sheet1!V38*100,2),"") | AW31: =IFERROR(ROUND(Sheet1!X38/Sheet1!V38*M31,0),"") | AX31: =IFERROR(ROUND(Sheet1!X38/Sheet1!V38*100,2),"") | AZ31: =IFERROR(ROUND(Sheet1!Z38/Sheet1!V38*M31,0),"") | BA31: =IFERROR(ROUND(Sheet1!Z38/Sheet1!V38*100,2),"") | BC31: =IFERROR(ROUND(Sheet1!AB38/Sheet1!AA38*Sheet1!D38,0),"") | BD31: =IFERROR(ROUND(Sheet1!AB38/Sheet1!AA38*100,2),"") | BF31: =IFERROR(ROUND(Sheet1!AD38/Sheet1!AA38*Sheet1!D38,0),"") | BG31: =IFERROR(ROUND(Sheet1!AC38/Sheet1!AA38*100,2),"") | BI31: =IFERROR(ROUND(Sheet1!AC38/Sheet1!AA38*Sheet1!D38,0),"") | BJ31: =IFERROR(ROUND(Sheet1!AD38/Sheet1!AA38*100,2),"")
A32: =IF(Sheet1!B39="","",Sheet1!B39) | B32: =IF(Sheet1!C39="","",Sheet1!C39) | C32: =IF(Sheet1!D39="","",Sheet1!D39) | D32: =IFERROR(ROUND(Sheet1!D39*Sheet1!F39/Sheet1!E39,2),"") | E32: =IFERROR(ROUND(Sheet1!F39/Sheet1!E39*100,2),"") | G32: =IFERROR(ROUND(Sheet1!D39*Sheet1!J39/Sheet1!G39,0),"") | H32: =IFERROR(ROUND(Sheet1!J39/Sheet1!G39*100,2),"") | J32: =IFERROR(ROUND(Sheet1!D39*Sheet1!K39/Sheet1!G39,0),"") | K32: =IFERROR(ROUND(Sheet1!K39/Sheet1!G39*100,2),"") | M32: =IFERROR(ROUND(Sheet1!D39*Sheet1!I39/Sheet1!G39,0),"") | N32: =IFERROR(ROUND(Sheet1!I39/Sheet1!G39*100,2),"") | P32: =IFERROR(ROUND(Sheet1!L39/Sheet1!H39*M32,0),"") | Q32: =IFERROR(ROUND(Sheet1!L39/Sheet1!H39*100,2),"") | S32: =IFERROR(ROUND(Sheet1!M39/Sheet1!H39*M32,0),"") | T32: =IFERROR(ROUND(Sheet1!M39/Sheet1!H39*100,2),"") | V32: =IFERROR(ROUND(Sheet1!O39/Sheet1!H39*M32,0),"") | W32: =IFERROR(ROUND(Sheet1!O39/Sheet1!H39*100,2),"") | AA32: =IFERROR(ROUND(Sheet1!P39/Sheet1!H39*100,2),"") | AC32: =IFERROR(ROUND(Sheet1!N39/Sheet1!H39*100,2),"") | AE32: =IFERROR(ROUND(Sheet1!Q39/Sheet1!H39*M32,0),"") | AF32: =IFERROR(ROUND(Sheet1!Q39/Sheet1!H39*100,2),"") | AH32: =IFERROR(ROUND(Sheet1!R39/Sheet1!H39*M32,0),"") | AI32: =IFERROR(ROUND(Sheet1!R39/Sheet1!H39*100,2),"") | AK32: =IFERROR(ROUND(AF32/AI32,2),"") | AL32: =IFERROR(ROUND(Sheet1!U39/Sheet1!S39*M32,0),"") | AM32: =IFERROR(ROUND(Sheet1!U39/Sheet1!T39*100,2),"") | AQ32: =IFERROR(ROUND(Sheet1!W39/Sheet1!V39*M32,0),"") | AR32: =IFERROR(ROUND(Sheet1!W39/Sheet1!V39*100,2),"") | AT32: =IFERROR(ROUND(Sheet1!Y39/Sheet1!V39*M32,0),"") | AU32: =IFERROR(ROUND(Sheet1!Y39/Sheet1!V39*100,2),"") | AW32: =IFERROR(ROUND(Sheet1!X39/Sheet1!V39*M32,0),"") | AX32: =IFERROR(ROUND(Sheet1!X39/Sheet1!V39*100,2),"") | AZ32: =IFERROR(ROUND(Sheet1!Z39/Sheet1!V39*M32,0),"") | BA32: =IFERROR(ROUND(Sheet1!Z39/Sheet1!V39*100,2),"") | BC32: =IFERROR(ROUND(Sheet1!AB39/Sheet1!AA39*Sheet1!D39,0),"") | BD32: =IFERROR(ROUND(Sheet1!AB39/Sheet1!AA39*100,2),"") | BF32: =IFERROR(ROUND(Sheet1!AD39/Sheet1!AA39*Sheet1!D39,0),"") | BG32: =IFERROR(ROUND(Sheet1!AC39/Sheet1!AA39*100,2),"") | BI32: =IFERROR(ROUND(Sheet1!AC39/Sheet1!AA39*Sheet1!D39,0),"") | BJ32: =IFERROR(ROUND(Sheet1!AD39/Sheet1!AA39*100,2),"")
... A69: =IF(Sheet1!B76="","",Sheet1!B76) | B69: =IF(Sheet1!C76="","",Sheet1!C76) | C69: =IF(Sheet1!D76="","",Sheet1!D76) | D69: =IFERROR(ROUND(Sheet1!D76*Sheet1!F76/Sheet1!E76,2),"") | E69: =IFERROR(ROUND(Sheet1!F76/Sheet1!E76*100,2),"") | G69: =IFERROR(ROUND(Sheet1!D76*Sheet1!J76/Sheet1!G76,0),"") | H69: =IFERROR(ROUND(Sheet1!J76/Sheet1!G76*100,2),"") | J69: =IFERROR(ROUND(Sheet1!D76*Sheet1!K76/Sheet1!G76,0),"") | K69: =IFERROR(ROUND(Sheet1!K76/Sheet1!G76*100,2),"") | M69: =IFERROR(ROUND(Sheet1!D76*Sheet1!I76/Sheet1!G76,0),"") | N69: =IFERROR(ROUND(Sheet1!I76/Sheet1!G76*100,2),"") | P69: =IFERROR(ROUND(Sheet1!L76/Sheet1!H76*M69,0),"") | Q69: =IFERROR(ROUND(Sheet1!L76/Sheet1!H76*100,2),"") | S69: =IFERROR(ROUND(Sheet1!M76/Sheet1!H76*M69,0),"") | T69: =IFERROR(ROUND(Sheet1!M76/Sheet1!H76*100,2),"") | V69: =IFERROR(ROUND(Sheet1!O76/Sheet1!H76*M69,0),"") | W69: =IFERROR(ROUND(Sheet1!O76/Sheet1!H76*100,2),"") | AA69: =IFERROR(ROUND(Sheet1!P76/Sheet1!H76*100,2),"") | AC69: =IFERROR(ROUND(Sheet1!N76/Sheet1!H76*100,2),"") | AE69: =IFERROR(ROUND(Sheet1!Q76/Sheet1!H76*M69,0),"") | AF69: =IFERROR(ROUND(Sheet1!Q76/Sheet1!H76*100,2),"") | AH69: =IFERROR(ROUND(Sheet1!R76/Sheet1!H76*M69,0),"") | AI69: =IFERROR(ROUND(Sheet1!R76/Sheet1!H76*100,2),"") | AK69: =IFERROR(ROUND(AF69/AI69,2),"") | AL69: =IFERROR(ROUND(Sheet1!U76/Sheet1!S76*M69,0),"") | AM69: =IFERROR(ROUND(Sheet1!U76/Sheet1!T76*100,2),"") | AQ69: =IFERROR(ROUND(Sheet1!W76/Sheet1!V76*M69,0),"") | AR69: =IFERROR(ROUND(Sheet1!W76/Sheet1!V76*100,2),"") | AT69: =IFERROR(ROUND(Sheet1!Y76/Sheet1!V76*M69,0),"") | AU69: =IFERROR(ROUND(Sheet1!Y76/Sheet1!V76*100,2),"") | AW69: =IFERROR(ROUND(Sheet1!X76/Sheet1!V76*M69,0),"") | AX69: =IFERROR(ROUND(Sheet1!X76/Sheet1!V76*100,2),"") | AZ69: =IFERROR(ROUND(Sheet1!Z76/Sheet1!V76*M69,0),"") | BA69: =IFERROR(ROUND(Sheet1!Z76/Sheet1!V76*100,2),"") | BC69: =IFERROR(ROUND(Sheet1!AB76/Sheet1!AA76*Sheet1!D76,0),"") | BD69: =IFERROR(ROUND(Sheet1!AB76/Sheet1!AA76*100,2),"") | BF69: =IFERROR(ROUND(Sheet1!AD76/Sheet1!AA76*Sheet1!D76,0),"") | BG69: =IFERROR(ROUND(Sheet1!AC76/Sheet1!AA76*100,2),"") | BI69: =IFERROR(ROUND(Sheet1!AC76/Sheet1!AA76*Sheet1!D76,0),"") | BJ69: =IFERROR(ROUND(Sheet1!AD76/Sheet1!AA76*100,2),"")

Sheet Sheet1
A1: 序号 | B1: 检测日期 | C1: 样本编号 | D1: Tube1 | G1: Tube2 | S1: Tube3 | V1: Tube4 | AA1: Tube5
D3: 1-1 | E3: 1-2 | F3: 1-3 | G3: 2-1 | H3: 2-2 | I3: 2-3 | J3: 2-4 | K3: 2-5 | L3: 2-6 | M3: 2-7 | N3: 2-8 | O3: 2-9 | P3: 2-10 | Q3: 2-11 | R3: 2-12 | S3: 3-1 | T3: 3-2 | U3: 3-3 | V3: 4-1 | W3: 4-2 | X3: 4-3 | Y3: 4-4 | Z3: 4-5 | AA3: 5-1 | AB3: 5-2 | AC3: 5-3 | AD3: 5-4
D4: 白细胞计数值 | E4: WBC1 | F4: 34+45dim | G4: WBC2 | H4: lym2 | I4: 45++SSC(low) | J4: 45+SSC(mid) | K4: 45+SSC(high） | L4: 3+19- | M4: 3-19+ | N4: 3+TCRγδ+ | O4: 3-56+16+ | P4: 3+56+16+ | Q4: 3+4+8- | R4: 3+4-8+ | S4: lym3 | T4: CD4+T | U4: 4+25(high)127(dim) | V4: lym4 | W4: 3+4+45RA+ | X4: 3+4+45RO+ | Y4: 3+8+45RA+ | Z4: 3+8+45RO+ | AA4: WBC5 | AB4: Lin1-HLA-DR+ | AC4: Lin1-11c+HLA-DR+ | AD4: Lin1-123+HLA-DR+
D5: 8030 | E5: 46046 | F5: 3 | G5: 46632 | H5: 11824 | I5: 11824 | J5: 2776 | K5: 29888 | L5: 8094 | M5: 1500 | N5: 137 | O5: 973 | P5: 1334 | Q5: 3858 | R5: 3894 | S5: 14372 | T5: 5528 | U5: 184 | V5: 15519 | W5: 755 | X5: 4046 | Y5: 511 | Z5: 2341 | AA5: 45473 | AB5: 231 | AC5: 143 | AD5: 32
V11: 15519 | W11: 755 | X11: 4046 | Y11: 511 | Z11: 2341
AF15: =IFERROR(ROUND(Sheet1!Q22/Sheet1!H22*N15,0),"") | AG15: =IFERROR(ROUND(Sheet1!Q22/Sheet1!H22*100,2),"") | AI15: =IFERROR(ROUND(Sheet1!R22/Sheet1!H22*N15,0),"") | AJ15: =IFERROR(ROUND(Sheet1!R22/Sheet1!H22*100,2),"") | AL15: =IFERROR(ROUND(AG15/AJ15,2),"") | AM15: =IFERROR(ROUND(Sheet1!U22/Sheet1!S22*N15,0),"")
E16: =IFERROR(ROUND(Sheet1!D23*Sheet1!F23/Sheet1!E23,2),"") | F16: =IFERROR(ROUND(Sheet1!F23/Sheet1!E23*100,2),"") | H16: =IFERROR(ROUND(Sheet1!D23*Sheet1!J23/Sheet1!G23,0),"") | I16: =IFERROR(ROUND(Sheet1!J23/Sheet1!G23*100,2),"") | K16: =IFERROR(ROUND(Sheet1!D23*Sheet1!K23/Sheet1!G23,0),"") | L16: =IFERROR(ROUND(Sheet1!K23/Sheet1!G23*100,2),"") | N16: =IFERROR(ROUND(Sheet1!D23*Sheet1!I23/Sheet1!G23,0),"") | O16: =IFERROR(ROUND(Sheet1!I23/Sheet1!G23*100,2),"") | Q16: =IFERROR(ROUND(Sheet1!L23/Sheet1!H23*N16,0),"") | R16: =IFERROR(ROUND(Sheet1!L23/Sheet1!H23*100,2),"") | T16: =IFERROR(ROUND(Sheet1!M23/Sheet1!H23*N16,0),"") | U16: =IFERROR(ROUND(Sheet1!M23/Sheet1!H23*100,2),"") | W16: =IFERROR(ROUND(Sheet1!O23/Sheet1!H23*N16,0),"") | X16: =IFERROR(ROUND(Sheet1!O23/Sheet1!H23*100,2),"") | AB16: =IFERROR(ROUND(Sheet1!P23/Sheet1!H23*100,2),"") | AD16: =IFERROR(ROUND(Sheet1!N23/Sheet1!H23*100,2),"") | AF16: =IFERROR(ROUND(Sheet1!Q23/Sheet1!H23*N16,0),"") | AG16: =IFERROR(ROUND(Sheet1!Q23/Sheet1!H23*100,2),"") | AI16: =IFERROR(ROUND(Sheet1!R23/Sheet1!H23*N16,0),"") | AJ16: =IFERROR(ROUND(Sheet1!R23/Sheet1!H23*100,2),"") | AL16: =IFERROR(ROUND(AG16/AJ16,2),"") | AM16: =IFERROR(ROUND(Sheet1!U23/Sheet1!S23*N16,0),"")
E17: =IFERROR(ROUND(Sheet1!D24*Sheet1!F24/Sheet1!E24,2),"") | F17: =IFERROR(ROUND(Sheet1!F24/Sheet1!E24*100,2),"") | H17: =IFERROR(ROUND(Sheet1!D24*Sheet1!J24/Sheet1!G24,0),"") | I17: =IFERROR(ROUND(Sheet1!J24/Sheet1!G24*100,2),"") | K17: =IFERROR(ROUND(Sheet1!D24*Sheet1!K24/Sheet1!G24,0),"") | L17: =IFERROR(ROUND(Sheet1!K24/Sheet1!G24*100,2),"") | N17: =IFERROR(ROUND(Sheet1!D24*Sheet1!I24/Sheet1!G24,0),"") | O17: =IFERROR(ROUND(Sheet1!I24/Sheet1!G24*100,2),"") | Q17: =IFERROR(ROUND(Sheet1!L24/Sheet1!H24*N17,0),"") | R17: =IFERROR(ROUND(Sheet1!L24/Sheet1!H24*100,2),"") | T17: =IFERROR(ROUND(Sheet1!M24/Sheet1!H24*N17,0),"") | U17: =IFERROR(ROUND(Sheet1!M24/Sheet1!H24*100,2),"") | W17: =IFERROR(ROUND(Sheet1!O24/Sheet1!H24*N17,0),"") | X17: =IFERROR(ROUND(Sheet1!O24/Sheet1!H24*100,2),"") | AB17: =IFERROR(ROUND(Sheet1!P24/Sheet1!H24*100,2),"") | AD17: =IFERROR(ROUND(Sheet1!N24/Sheet1!H24*100,2),"") | AF17: =IFERROR(ROUND(Sheet1!Q24/Sheet1!H24*N17,0),"") | AG17: =IFERROR(ROUND(Sheet1!Q24/Sheet1!H24*100,2),"") | AI17: =IFERROR(ROUND(Sheet1!R24/Sheet1!H24*N17,0),"") | AJ17: =IFERROR(ROUND(Sheet1!R24/Sheet1!H24*100,2),"") | AL17: =IFERROR(ROUND(AG17/AJ17,2),"") | AM17: =IFERROR(ROUND(Sheet1!U24/Sheet1!S24*N17,0),"")
E18: =IFERROR(ROUND(Sheet1!D25*Sheet1!F25/Sheet1!E25,2),"") | F18: =IFERROR(ROUND(Sheet1!F25/Sheet1!E25*100,2),"") | H18: =IFERROR(ROUND(Sheet1!D25*Sheet1!J25/Sheet1!G25,0),"") | I18: =IFERROR(ROUND(Sheet1!J25/Sheet1!G25*100,2),"") | K18: =IFERROR(ROUND(Sheet1!D25*Sheet1!K25/Sheet1!G25,0),"") | L18: =IFERROR(ROUND(Sheet1!K25/Sheet1!G25*100,2),"") | N18: =IFERROR(ROUND(Sheet1!D25*Sheet1!I25/Sheet1!G25,0),"") | O18: =IFERROR(ROUND(Sheet1!I25/Sheet1!G25*100,2),"") | Q18: =IFERROR(ROUND(Sheet1!L25/Sheet1!H25*N18,0),"") | R18: =IFERROR(ROUND(Sheet1!L25/Sheet1!H25*100,2),"") | T18: =IFERROR(ROUND(Sheet1!M25/Sheet1!H25*N18,0),"") | U18: =IFERROR(ROUND(Sheet1!M25/Sheet1!H25*100,2),"") | W18: =IFERROR(ROUND(Sheet1!O25/Sheet1!H25*N18,0),"") | X18: =IFERROR(ROUND(Sheet1!O25/Sheet1!H25*100,2),"") | AB18: =IFERROR(ROUND(Sheet1!P25/Sheet1!H25*100,2),"") | AD18: =IFERROR(ROUND(Sheet1!N25/Sheet1!H25*100,2),"") | AF18: =IFERROR(ROUND(Sheet1!Q25/Sheet1!H25*N18,0),"") | AG18: =IFERROR(ROUND(Sheet1!Q25/Sheet1!H25*100,2),"") | AI18: =IFERROR(ROUND(Sheet1!R25/Sheet1!H25*N18,0),"") | AJ18: =IFERROR(ROUND(Sheet1!R25/Sheet1!H25*100,2),"") | AL18: =IFERROR(ROUND(AG18/AJ18,2),"") | AM18: =IFERROR(ROUND(Sheet1!U25/Sheet1!S25*N18,0),"")
E19: =IFERROR(ROUND(Sheet1!D26*Sheet1!F26/Sheet1!E26,2),"") | F19: =IFERROR(ROUND(Sheet1!F26/Sheet1!E26*100,2),"") | H19: =IFERROR(ROUND(Sheet1!D26*Sheet1!J26/Sheet1!G26,0),"") | I19: =IFERROR(ROUND(Sheet1!J26/Sheet1!G26*100,2),"") | K19: =IFERROR(ROUND(Sheet1!D26*Sheet1!K26/Sheet1!G26,0),"") | L19: =IFERROR(ROUND(Sheet1!K26/Sheet1!G26*100,2),"") | N19: =IFERROR(ROUND(Sheet1!D26*Sheet1!I26/Sheet1!G26,0),"") | O19: =IFERROR(ROUND(Sheet1!I26/Sheet1!G26*100,2),"") | Q19: =IFERROR(ROUND(Sheet1!L26/Sheet1!H26*N19,0),"") | R19: =IFERROR(ROUND(Sheet1!L26/Sheet1!H26*100,2),"") | T19: =IFERROR(ROUND(Sheet1!M26/Sheet1!H26*N19,0),"") | U19: =IFERROR(ROUND(Sheet1!M26/Sheet1!H26*100,2),"") | W19: =IFERROR(ROUND(Sheet1!O26/Sheet1!H26*N19,0),"") | X19: =IFERROR(ROUND(Sheet1!O26/Sheet1!H26*100,2),"") | AB19: =IFERROR(ROUND(Sheet1!P26/Sheet1!H26*100,2),"") | AD19: =IFERROR(ROUND(Sheet1!N26/Sheet1!H26*100,2),"") | AF19: =IFERROR(ROUND(Sheet1!Q26/Sheet1!H26*N19,0),"") | AG19: =IFERROR(ROUND(Sheet1!Q26/Sheet1!H26*100,2),"") | AI19: =IFERROR(ROUND(Sheet1!R26/Sheet1!H26*N19,0),"") | AJ19: =IFERROR(ROUND(Sheet1!R26/Sheet1!H26*100,2),"") | AL19: =IFERROR(ROUND(AG19/AJ19,2),"") | AM19: =IFERROR(ROUND(Sheet1!U26/Sheet1!S26*N19,0),"")
E20: =IFERROR(ROUND(Sheet1!D27*Sheet1!F27/Sheet1!E27,2),"") | F20: =IFERROR(ROUND(Sheet1!F27/Sheet1!E27*100,2),"") | H20: =IFERROR(ROUND(Sheet1!D27*Sheet1!J27/Sheet1!G27,0),"") | I20: =IFERROR(ROUND(Sheet1!J27/Sheet1!G27*100,2),"") | K20: =IFERROR(ROUND(Sheet1!D27*Sheet1!K27/Sheet1!G27,0),"") | L20: =IFERROR(ROUND(Sheet1!K27/Sheet1!G27*100,2),"") | N20: =IFERROR(ROUND(Sheet1!D27*Sheet1!I27/Sheet1!G27,0),"") | O20: =IFERROR(ROUND(Sheet1!I27/Sheet1!G27*100,2),"") | Q20: =IFERROR(ROUND(Sheet1!L27/Sheet1!H27*N20,0),"") | R20: =IFERROR(ROUND(Sheet1!L27/Sheet1!H27*100,2),"") | T20: =IFERROR(ROUND(Sheet1!M27/Sheet1!H27*N20,0),"") | U20: =IFERROR(ROUND(Sheet1!M27/Sheet1!H27*100,2),"") | W20: =IFERROR(ROUND(Sheet1!O27/Sheet1!H27*N20,0),"") | X20: =IFERROR(ROUND(Sheet1!O27/Sheet1!H27*100,2),"") | AB20: =IFERROR(ROUND(Sheet1!P27/Sheet1!H27*100,2),"") | AD20: =IFERROR(ROUND(Sheet1!N27/Sheet1!H27*100,2),"") | AF20: =IFERROR(ROUND(Sheet1!Q27/Sheet1!H27*N20,0),"") | AG20: =IFERROR(ROUND(Sheet1!Q27/Sheet1!H27*100,2),"") | AI20: =IFERROR(ROUND(Sheet1!R27/Sheet1!H27*N20,0),"") | AJ20: =IFERROR(ROUND(Sheet1!R27/Sheet1!H27*100,2),"") | AL20: =IFERROR(ROUND(AG20/AJ20,2),"") | AM20: =IFERROR(ROUND(Sheet1!U27/Sheet1!S27*N20,0),"")
