Workbook

Sheet Sheet2
A1: 检测日期 | B1: 样本编号 | C1: 1 | D1: 2 | E1: 3 | F1: CD34+CD45dim | G1: 4 | H1: 5 | I1: CD45+SSC(mid) | J1: 6 | K1: 7 | L1: CD45+SSC(high) | M1: 8 | N1: 9 | O1: CD45++SSC(low) | P1: 10 | Q1: 11 | R1: CD3+CD19- | S1: 12 | T1: 13 | U1: CD3-CD19+ | V1: 14 | W1: 15 | X1: CD3-CD56+CD16+ | Y1: 14 | Z1: 16 | AA1: CD3+CD56+CD16+ | AB1: 17 | AC1: 17 | AD1: CD3+TCRγδ+ | AE1: 18 | AF1: 19 | AG1: CD3+CD4+CD8- | AH1: 20 | AI1: 21 | AJ1: CD3+CD4-CD8+ | AK1: 22 | AL1: 23 | AM1: 24 | AN1: 24 | AO1: 24 | AP1: CD4+CD25(high)CD127(dim) | AQ1: 25 | AR1: 26 | AS1: CD3+CD4+CD45RA+ | AT1: 27 | AU1: 28 | AV1: CD3+CD8+CD45RA+ | AW1: 29 | AX1: 30 | AY1: CD3+CD4+CD45RO+ | AZ1: 31 | BA1: 32 | BB1: CD3+CD8+CD45RO+ | BC1: 33 | BD1: 34 | BE1: Lin1-HLA-DR+ | BF1: 35 | BG1: 38 | BH1: Lin1-CD11c+HLA-DR+ | BI1: 37 | BJ1: 36 | BK1: Lin-CD123+HLA-DR+
C2: Cell0062 | D2: Cell0005 | E2: Cell0001 | G2: Cell0007 | H2: Cell0003 | J2: Cell0061 | K2: Cell0004 | M2: Cell0006 | N2: Cell0002 | P2: Cell0013 | Q2: Cell0008 | S2: Cell0014 | T2: Cell0009 | V2: Cell0015 | W2: Cell0011 | Z2: Cell0012 | AB2: Cell0010 | AC2: Cell0010 | AE2: Cell0019 | AF2: Cell0016 | AH2: Cell0020 | AI2: Cell0017 | AK2: Cell0018 | AL2: Cell0063 | AM2: Cell0021 | AN2: Cell0021 | AO2: Cell0021 | AQ2: Cell0026 | AR2: Cell0022 | AT2: Cell0028 | AU2: Cell0024 | AW2: Cell0027 | AX2: Cell0023 | AZ2: Cell0029 | BA2: Cell0025 | BC2: Cell0054 | BD2: Cell0055 | BF2: Cell0056 | BG2: Cell0031 | BI2: Cell0057 | BJ2: Cell0030
C3: CD45+ | D3: CD34+CD45dim | E3: CD34+CD45dim | F3: CD34+占%WBC | G3: CD45+SSC(mid) | H3: CD45+SSC(mid) | I3: 单核占%WBC | J3: CD45+SSC(high) | K3: CD45+SSC(high) | L3: 粒细胞占%WBC | M3: CD45++SSC(low) | N3: CD45++SSC(low) | O3: 淋巴占%WBC | P3: CD3+CD19- | Q3: CD3+CD19- | R3: T占%WBC | S3: CD3-CD19+ | T3: CD3-CD19+ | U3: B占%WBC | V3: CD3-CD56+CD16+ | W3: CD3-CD56+CD16+ | X3: NK占%WBC | Y3: CD3+CD56+CD16+ | Z3: CD3+CD56+CD16+ | AA3: NKT占%WBC | AB3: CD3+TCRγδ+ | AC3: CD3+TCRγδ+ | AD3: TCRγδ+占%WBC | AE3: CD3+CD4+CD8- | AF3: CD3+CD4+CD8- | AG3: 辅助T占%WBC | AH3: CD3+CD4-CD8+ | AI3: CD3+CD4-CD8+ | AJ3: 毒性T%WBC | AK3: CD4+/CD8+ | AL3: CD4+CD25(high)CD127(dim) | AM3: CD4+CD25(high)CD127(dim) | AN3: CD4+CD25(high)CD127(dim) | AO3: CD4+CD25(high)CD127(dim) | AP3: Treg%WBC | AQ3: CD3+CD4+CD45RA+ | AR3: CD3+CD4+CD45RA+ | AS3: %WBC | AT3: CD3+CD8+CD45RA+ | AU3: CD3+CD8+CD45RA+ | AV3: %WBC | AW3: CD3+CD4+CD45RO+ | AX3: CD3+CD4+CD45RO+ | AY3: %WBC | AZ3: CD3+CD8+CD45RO+ | BA3: CD3+CD8+CD45RO+ | BB3: %WBC | BC3: Lin1-HLA-DR+ | BD3: Lin1-HLA-DR+ | BE3: DC占WBC | BF3: Lin1-CD123+HLA-DR+ | BG3: Lin1-CD123+HLA-DR+ | BH3: PDC%WBC | BI3: Lin1-CD11c+HLA-DR+ | BJ3: Lin1-CD11c+HLA-DR+ | BK3: MDC占%WBC
C4: 白细胞计数 | D4: CD34+干细胞计数 | E4: CD34+干细胞百分比 | F4: %WBC | G4: 单核细胞计数 | H4: 单核细胞百分比 | I4: %WBC | J4: 粒细胞计数 | K4: 粒细胞百分比 | L4: %WBC | M4: 淋巴细胞计数 | N4: 淋巴细胞百分比 | O4: %WBC | P4: 总T淋巴细胞计数 | Q4: 总T淋巴细胞百分比 | R4: %WBC | S4: 总B淋巴细胞计数 | T4: 总B淋巴细胞百分比 | U4: %WBC | V4: NK细胞计数 | W4: NK细胞百分比 | X4: %WBC | Y4: NK-T细胞计数 | Z4: NK-T细胞百分比 | AA4: %WBC | AB4: γδT细胞计数 | AC4: γδT细胞百分比 | AD4: %WBC | AE4: CD4+辅助T细胞计数 | AF4: CD4+辅助T细胞百分比 | AG4: %WBC | AH4: CD8+细胞毒T细胞计数 | AI4: CD8+细胞毒T细胞百分比 | AJ4: %WBC | AK4: CD4+/CD8+ | AL4: 调节性CD4+T细胞计数 | AM4: 调节性CD4+T细胞百分比 | AN4: 占淋巴调节T细胞计数 | AO4: 占淋巴调节T细胞百分比 | AP4: %WBC | AQ4: CD4+初始T细胞计数 | AR4: CD4+初始T细胞百分比 | AS4: %WBC | AT4: CD8+初始T细胞计数 | AU4: CD8+初始T细胞百分比 | AV4: %WBC | AW4: CD4+效应和记忆T细胞计数 | AX4: CD4+效应和记忆T细胞百分比 | AY4: %WBC | AZ4: CD8+效应和记忆T细胞计数 | BA4: CD8+效应和记忆T细胞百分比 | BB4: %WBC | BC4: 树突状细胞(DC)计数 | BD4: 树突状细胞(DC)百分比 | BE4: %WBC | BF4: 浆样树突状细胞(pDC)计数 | BG4: 浆样树突状细胞(pDC)百分比 | BH4: %WBC | BI4: 髓样树突状细胞(mDC)计数 | BJ4: 髓样树突状细胞(mDC)百分比 | BK4: %WBC
A5: =IF(Sheet1!B5="","",Sheet1!B5) | B5: =IF(Sheet1!C5="","",Sheet1!C5) | C5: =IF(Sheet1!D5="","",Sheet1!D5) -> 5730 | D5: =IFERROR(ROUND(Sheet1!D5*Sheet1!F5/Sheet1!E5,2),"") -> 2.39 | E5: =IFERROR(ROUND(Sheet1!F5/Sheet1!E5*100,2),"") -> 0.04 | F5: =D5/C5 -> 0.00041710297 | G5: =IFERROR(ROUND(Sheet1!D5*Sheet1!J5/Sheet1!G5,0),"") -> 310 | H5: =IFERROR(ROUND(Sheet1!J5/Sheet1!G5*100,2),"") -> 5.41 | I5: =G5/C5 -> 0.054101222 | J5: =IFERROR(ROUND(Sheet1!D5*Sheet1!K5/Sheet1!G5,0),"") -> 3135 | K5: =IFERROR(ROUND(Sheet1!K5/Sheet1!G5*100,2),"") -> 54.71 | L5: =J5/C5 -> 0.54712042 | M5: =IFERROR(ROUND(Sheet1!D5*Sheet1!I5/Sheet1!G5,0),"") -> 2023 | N5: =IFERROR(ROUND(Sheet1!I5/Sheet1!G5*100,2),"") -> 35.31 | O5: =M5/C5 -> 0.3530541 | P5: =IFERROR(ROUND(Sheet1!L5/Sheet1!H5*M5,0),"") -> 1002 | Q5: =IFERROR(ROUND(Sheet1!L5/Sheet1!H5*100,2),"") -> 49.51 | R5: =P5/C5 -> 0.17486911 | S5: =IFERROR(ROUND(Sheet1!M5/Sheet1!H5*M5,0),"") -> 187 | T5: =IFERROR(ROUND(Sheet1!M5/Sheet1!H5*100,2),"") -> 9.24 | U5: =S5/C5 -> 0.032635253 | V5: =IFERROR(ROUND(Sheet1!O5/Sheet1!H5*M5,0),"") -> 574 | W5: =IFERROR(ROUND(Sheet1!O5/Sheet1!H5*100,2),"") -> 28.38 | X5: =V5/C5 -> 0.10017452 | Y5: =IFERROR(ROUND(Sheet1!P5/Sheet1!H5*M5,0),"") -> 49 | Z5: =IFERROR(ROUND(Sheet1!P5/Sheet1!H5*100,2),"") -> 2.4 | AA5: =Y5/C5 -> 0.0085514834 | AB5: =IFERROR(ROUND(Sheet1!N5/Sheet1!H5*M5,0),"") -> 43 | AC5: =IFERROR(ROUND(Sheet1!N5/Sheet1!H5*100,2),"") -> 2.12 | AD5: =AB5/C5 -> 0.007504363 | AE5: =IFERROR(ROUND(Sheet1!Q5/Sheet1!H5*M5,0),"") -> 424 | AF5: =IFERROR(ROUND(Sheet1!Q5/Sheet1!H5*100,2),"") -> 20.95 | AG5: =AE5/C5 -> 0.07399651 | AH5: =IFERROR(ROUND(Sheet1!R5/Sheet1!H5*M5,0),"") -> 513 | AI5: =IFERROR(ROUND(Sheet1!R5/Sheet1!H5*100,2),"") -> 25.36 | AJ5: =AH5/C5 -> 0.089528796 | AK5: =IFERROR(ROUND(AF5/AI5,2),"") -> 0.83 | AL5: =IFERROR(ROUND(Sheet1!U5/Sheet1!T5*AE5,0),"") -> 56 | AM5: =IFERROR(ROUND(Sheet1!U5/Sheet1!T5*100,2),"") -> 13.2 | AN5: =IFERROR(ROUND(Sheet1!U5/Sheet1!S5*M5,0),"") -> 30 | AO5: =IFERROR(ROUND(Sheet1!U5/Sheet1!S5*100,2),"") -> 1.48 | AP5: =AN5/C5 -> 0.0052356021 | AQ5: =IFERROR(ROUND(Sheet1!W5/Sheet1!V5*M5,0),"") -> 28 | AR5: =IFERROR(ROUND(Sheet1!W5/Sheet1!V5*100,2),"") -> 1.37 | AS5: =AQ5/C5 -> 0.004886562 | AT5: =IFERROR(ROUND(Sheet1!Y5/Sheet1!V5*M5,0),"") -> 75 | AU5: =IFERROR(ROUND(Sheet1!Y5/Sheet1!V5*100,2),"") -> 3.68 | AV5: =AT5/C5 -> 0.013089005 | AW5: =IFERROR(ROUND(Sheet1!X5/Sheet1!V5*M5,0),"") -> 360 | AX5: =IFERROR(ROUND(Sheet1!X5/Sheet1!V5*100,2),"") -> 17.82 | AY5: =AW5/C5 -> 0.062827225 | AZ5: =IFERROR(ROUND(Sheet1!Z5/Sheet1!V5*M5,0),"") -> 242 | BA5: =IFERROR(ROUND(Sheet1!Z5/Sheet1!V5*100,2),"") -> 11.97 | BB5: =AZ5/C5 -> 0.042233857 | BC5: =IFERROR(ROUND(Sheet1!AB5/Sheet1!AA5*Sheet1!D5,0),"") -> 14 | BD5: =IFERROR(ROUND(Sheet1!AB5/Sheet1!AA5*100,2),"") -> 0.25 | BE5: =BC5/C5 -> 0.002443281 | BF5: =IFERROR(ROUND(Sheet1!AD5/Sheet1!AA5*Sheet1!D5,0),"") -> 1 | BG5: =IFERROR(ROUND(Sheet1!AD5/Sheet1!AA5*100,2),"") -> 0.02 | BH5: =BF5/C5 -> 0.00017452007 | BI5: =IFERROR(ROUND(Sheet1!AC5/Sheet1!AA5*Sheet1!D5,0),"") -> 8 | BJ5: =IFERROR(ROUND(Sheet1!AC5/Sheet1!AA5*100,2),"") -> 0.14 | BK5: =BI5/C5 -> 0.0013961606
A10: =IF(Sheet1!B17="","",Sheet1!B17) | B10: =IF(Sheet1!C17="","",Sheet1!C17) | C10: =IF(Sheet1!E17="","",Sheet1!E17) | D10: =IFERROR(ROUND(Sheet1!E17*Sheet1!G17/Sheet1!F17,2),"") | E10: =IFERROR(ROUND(Sheet1!G17/Sheet1!F17*100,2),"") | G10: =IFERROR(ROUND(Sheet1!E17*Sheet1!K17/Sheet1!H17,0),"") | H10: =IFERROR(ROUND(Sheet1!K17/Sheet1!H17*100,2),"") | J10: =IFERROR(ROUND(Sheet1!E17*Sheet1!L17/Sheet1!H17,0),"") | K10: =IFERROR(ROUND(Sheet1!L17/Sheet1!H17*100,2),"") | M10: =IFERROR(ROUND(Sheet1!E17*Sheet1!J17/Sheet1!H17,0),"") | N10: =IFERROR(ROUND(Sheet1!J17/Sheet1!H17*100,2),"") | P10: =IFERROR(ROUND(Sheet1!M17/Sheet1!I17*M10,0),"") | Q10: =IFERROR(ROUND(Sheet1!M17/Sheet1!I17*100,2),"") | S10: =IFERROR(ROUND(Sheet1!N17/Sheet1!I17*M10,0),"") | T10: =IFERROR(ROUND(Sheet1!N17/Sheet1!I17*100,2),"") | V10: =IFERROR(ROUND(Sheet1!P17/Sheet1!I17*M10,0),"") | W10: =IFERROR(ROUND(Sheet1!P17/Sheet1!I17*100,2),"") | AA10: =IFERROR(ROUND(Sheet1!Q17/Sheet1!I17*100,2),"") | AC10: =IFERROR(ROUND(Sheet1!O17/Sheet1!I17*100,2),"") | AE10: =IFERROR(ROUND(Sheet1!R17/Sheet1!I17*M10,0),"") | AF10: =IFERROR(ROUND(Sheet1!R17/Sheet1!I17*100,2),"") | AH10: =IFERROR(ROUND(Sheet1!S17/Sheet1!I17*M10,0),"") | AI10: =IFERROR(ROUND(Sheet1!S17/Sheet1!I17*100,2),"") | AK10: =IFERROR(ROUND(AF10/AI10,2),"") | AL10: =IFERROR(ROUND(Sheet1!V17/Sheet1!T17*M10,0),"") | AM10: =IFERROR(ROUND(Sheet1!V17/Sheet1!U17*100,2),"") | AQ10: =IFERROR(ROUND(Sheet1!X17/Sheet1!W17*M10,0),"") | AR10: =IFERROR(ROUND(Sheet1!X17/Sheet1!W17*100,2),"") | AT10: =IFERROR(ROUND(Sheet1!Z17/Sheet1!W17*M10,0),"") | AU10: =IFERROR(ROUND(Sheet1!Z17/Sheet1!W17*100,2),"") | AW10: =IFERROR(ROUND(Sheet1!Y17/Sheet1!W17*M10,0),"") | AX10: =IFERROR(ROUND(Sheet1!Y17/Sheet1!W17*100,2),"") | AZ10: =IFERROR(ROUND(Sheet1!AA17/Sheet1!W17*M10,0),"") | BA10: =IFERROR(ROUND(Sheet1!AA17/Sheet1!W17*100,2),"") | BC10: =IFERROR(ROUND(Sheet1!AC17/Sheet1!AB17*Sheet1!E17,0),"") | BD10: =IFERROR(ROUND(Sheet1!AC17/Sheet1!AB17*100,2),"") | BF10: =IFERROR(ROUND(Sheet1!AE17/Sheet1!AB17*Sheet1!E17,0),"") | BG10: =IFERROR(ROUND(Sheet1!AD17/Sheet1!AB17*100,2),"") | BJ10: =IFERROR(ROUND(Sheet1!AE17/Sheet1!AB17*100,2),"")
A11: =IF(Sheet1!B18="","",Sheet1!B18) | B11: =IF(Sheet1!C18="","",Sheet1!C18) | C11: =IF(Sheet1!D18="","",Sheet1!D18) | D11: =IFERROR(ROUND(Sheet1!D18*Sheet1!F18/Sheet1!E18,2),"") | E11: =IFERROR(ROUND(Sheet1!F18/Sheet1!E18*100,2),"") | G11: =IFERROR(ROUND(Sheet1!D18*Sheet1!J18/Sheet1!G18,0),"") | H11: =IFERROR(ROUND(Sheet1!J18/Sheet1!G18*100,2),"") | J11: =IFERROR(ROUND(Sheet1!D18*Sheet1!K18/Sheet1!G18,0),"") | K11: =IFERROR(ROUND(Sheet1!K18/Sheet1!G18*100,2),"") | M11: =IFERROR(ROUND(Sheet1!D18*Sheet1!I18/Sheet1!G18,0),"") | N11: =IFERROR(ROUND(Sheet1!I18/Sheet1!G18*100,2),"") | P11: =IFERROR(ROUND(Sheet1!L18/Sheet1!H18*M11,0),"") | Q11: =IFERROR(ROUND(Sheet1!L18/Sheet1!H18*100,2),"") | S11: =IFERROR(ROUND(Sheet1!M18/Sheet1!H18*M11,0),"") | T11: =IFERROR(ROUND(Sheet1!M18/Sheet1!H18*100,2),"") | V11: =IFERROR(ROUND(Sheet1!O18/Sheet1!H18*M11,0),"") | W11: =IFERROR(ROUND(Sheet1!O18/Sheet1!H18*100,2),"") | AA11: =IFERROR(ROUND(Sheet1!P18/Sheet1!H18*100,2),"") | AC11: =IFERROR(ROUND(Sheet1!N18/Sheet1!H18*100,2),"") | AE11: =IFERROR(ROUND(Sheet1!Q18/Sheet1!H18*M11,0),"") | AF11: =IFERROR(ROUND(Sheet1!Q18/Sheet1!H18*100,2),"") | AH11: =IFERROR(ROUND(Sheet1!R18/Sheet1!H18*M11,0),"") | AI11: =IFERROR(ROUND(Sheet1!R18/Sheet1!H18*100,2),"") | AK11: =IFERROR(ROUND(AF11/AI11,2),"") | AL11: =IFERROR(ROUND(Sheet1!U18/Sheet1!S18*M11,0),"") | AM11: =IFERROR(ROUND(Sheet1!U18/Sheet1!T18*100,2),"") | AQ11: =IFERROR(ROUND(Sheet1!W18/Sheet1!V18*M11,0),"") | AR11: =IFERROR(ROUND(Sheet1!W18/Sheet1!V18*100,2),"") | AT11: =IFERROR(ROUND(Sheet1!Y18/Sheet1!V18*M11,0),"") | AU11: =IFERROR(ROUND(Sheet1!Y18/Sheet1!V18*100,2),"") | AW11: =IFERROR(ROUND(Sheet1!X18/Sheet1!V18*M11,0),"") | AX11: =IFERROR(ROUND(Sheet1!X18/Sheet1!V18*100,2),"") | AZ11: =IFERROR(ROUND(Sheet1!Z18/Sheet1!V18*M11,0),"") | BA11: =IFERROR(ROUND(Sheet1!Z18/Sheet1!V18*100,2),"") | BC11: =IFERROR(ROUND(Sheet1!AB18/Sheet1!AA18*Sheet1!D18,0),"") | BD11: =IFERROR(ROUND(Sheet1!AB18/Sheet1!AA18*100,2),"") | BF11: =IFERROR(ROUND(Sheet1!AD18/Sheet1!AA18*Sheet1!D18,0),"") | BG11: =IFERROR(ROUND(Sheet1!AC18/Sheet1!AA18*100,2),"") | BJ11: =IFERROR(ROUND(Sheet1!AD18/Sheet1!AA18*100,2),"")
A12: =IF(Sheet1!B19="","",Sheet1!B19) | B12: =IF(Sheet1!C19="","",Sheet1!C19) | C12: =IF(Sheet1!D19="","",Sheet1!D19) | D12: =IFERROR(ROUND(Sheet1!D19*Sheet1!F19/Sheet1!E19,2),"") | E12: =IFERROR(ROUND(Sheet1!F19/Sheet1!E19*100,2),"") | G12: =IFERROR(ROUND(Sheet1!D19*Sheet1!J19/Sheet1!G19,0),"") | H12: =IFERROR(ROUND(Sheet1!J19/Sheet1!G19*100,2),"") | J12: =IFERROR(ROUND(Sheet1!D19*Sheet1!K19/Sheet1!G19,0),"") | K12: =IFERROR(ROUND(Sheet1!K19/Sheet1!G19*100,2),"") | M12: =IFERROR(ROUND(Sheet1!D19*Sheet1!I19/Sheet1!G19,0),"") | N12: =IFERROR(ROUND(Sheet1!I19/Sheet1!G19*100,2),"") | P12: =IFERROR(ROUND(Sheet1!L19/Sheet1!H19*M12,0),"") | Q12: =IFERROR(ROUND(Sheet1!L19/Sheet1!H19*100,2),"") | S12: =IFERROR(ROUND(Sheet1!M19/Sheet1!H19*M12,0),"") | T12: =IFERROR(ROUND(Sheet1!M19/Sheet1!H19*100,2),"") | V12: =IFERROR(ROUND(Sheet1!O19/Sheet1!H19*M12,0),"") | W12: =IFERROR(ROUND(Sheet1!O19/Sheet1!H19*100,2),"") | AA12: =IFERROR(ROUND(Sheet1!P19/Sheet1!H19*100,2),"") | AC12: =IFERROR(ROUND(Sheet1!N19/Sheet1!H19*100,2),"") | AE12: =IFERROR(ROUND(Sheet1!Q19/Sheet1!H19*M12,0),"") | AF12: =IFERROR(ROUND(Sheet1!Q19/Sheet1!H19*100,2),"") | AH12: =IFERROR(ROUND(Sheet1!R19/Sheet1!H19*M12,0),"") | AI12: =IFERROR(ROUND(Sheet1!R19/Sheet1!H19*100,2),"") | AK12: =IFERROR(ROUND(AF12/AI12,2),"") | AL12: =IFERROR(ROUND(Sheet1!U19/Sheet1!S19*M12,0),"") | AM12: =IFERROR(ROUND(Sheet1!U19/Sheet1!T19*100,2),"") | AQ12: =IFERROR(ROUND(Sheet1!W19/Sheet1!V19*M12,0),"") | AR12: =IFERROR(ROUND(Sheet1!W19/Sheet1!V19*100,2),"") | AT12: =IFERROR(ROUND(Sheet1!Y19/Sheet1!V19*M12,0),"") | AU12: =IFERROR(ROUND(Sheet1!Y19/Sheet1!V19*100,2),"") | AW12: =IFERROR(ROUND(Sheet1!X19/Sheet1!V19*M12,0),"") | AX12: =IFERROR(ROUND(Sheet1!X19/Sheet1!V19*100,2),"") | AZ12: =IFERROR(ROUND(Sheet1!Z19/Sheet1!V19*M12,0),"") | BA12: =IFERROR(ROUND(Sheet1!Z19/Sheet1!V19*100,2),"") | BC12: =IFERROR(ROUND(Sheet1!AB19/Sheet1!AA19*Sheet1!D19,0),"") | BD12: =IFERROR(ROUND(Sheet1!AB19/Sheet1!AA19*100,2),"") | BF12: =IFERROR(ROUND(Sheet1!AD19/Sheet1!AA19*Sheet1!D19,0),"") | BG12: =IFERROR(ROUND(Sheet1!AC19/Sheet1!AA19*100,2),"") | BJ12: =IFERROR(ROUND(Sheet1!AD19/Sheet1!AA19*100,2),"")
A13: =IF(Sheet1!B20="","",Sheet1!B20) | B13: =IF(Sheet1!C20="","",Sheet1!C20) | C13: =IF(Sheet1!D20="","",Sheet1!D20) | D13: =IFERROR(ROUND(Sheet1!D20*Sheet1!F20/Sheet1!E20,2),"") | E13: =IFERROR(ROUND(Sheet1!F20/Sheet1!E20*100,2),"") | G13: =IFERROR(ROUND(Sheet1!D20*Sheet1!J20/Sheet1!G20,0),"") | H13: =IFERROR(ROUND(Sheet1!J20/Sheet1!G20*100,2),"") | J13: =IFERROR(ROUND(Sheet1!D20*Sheet1!K20/Sheet1!G20,0),"") | K13: =IFERROR(ROUND(Sheet1!K20/Sheet1!G20*100,2),"") | M13: =IFERROR(ROUND(Sheet1!D20*Sheet1!I20/Sheet1!G20,0),"") | N13: =IFERROR(ROUND(Sheet1!I20/Sheet1!G20*100,2),"") | P13: =IFERROR(ROUND(Sheet1!L20/Sheet1!H20*M13,0),"") | Q13: =IFERROR(ROUND(Sheet1!L20/Sheet1!H20*100,2),"") | S13: =IFERROR(ROUND(Sheet1!M20/Sheet1!H20*M13,0),"") | T13: =IFERROR(ROUND(Sheet1!M20/Sheet1!H20*100,2),"") | V13: =IFERROR(ROUND(Sheet1!O20/Sheet1!H20*M13,0),"") | W13: =IFERROR(ROUND(Sheet1!O20/Sheet1!H20*100,2),"") | AA13: =IFERROR(ROUND(Sheet1!P20/Sheet1!H20*100,2),"") | AC13: =IFERROR(ROUND(Sheet1!N20/Sheet1!H20*100,2),"") | AE13: =IFERROR(ROUND(Sheet1!Q20/Sheet1!H20*M13,0),"") | AF13: =IFERROR(ROUND(Sheet1!Q20/Sheet1!H20*100,2),"") | AH13: =IFERROR(ROUND(Sheet1!R20/Sheet1!H20*M13,0),"") | AI13: =IFERROR(ROUND(Sheet1!R20/Sheet1!H20*100,2),"") | AK13: =IFERROR(ROUND(AF13/AI13,2),"") | AL13: =IFERROR(ROUND(Sheet1!U20/Sheet1!S20*M13,0),"") | AM13: =IFERROR(ROUND(Sheet1!U20/Sheet1!T20*100,2),"") | AQ13: =IFERROR(ROUND(Sheet1!W20/Sheet1!V20*M13,0),"") | AR13: =IFERROR(ROUND(Sheet1!W20/Sheet1!V20*100,2),"") | AT13: =IFERROR(ROUND(Sheet1!Y20/Sheet1!V20*M13,0),"") | AU13: =IFERROR(ROUND(Sheet1!Y20/Sheet1!V20*100,2),"") | AW13: =IFERROR(ROUND(Sheet1!X20/Sheet1!V20*M13,0),"") | AX13: =IFERROR(ROUND(Sheet1!X20/Sheet1!V20*100,2),"") | AZ13: =IFERROR(ROUND(Sheet1!Z20/Sheet1!V20*M13,0),"") | BA13: =IFERROR(ROUND(Sheet1!Z20/Sheet1!V20*100,2),"") | BC13: =IFERROR(ROUND(Sheet1!AB20/Sheet1!AA20*Sheet1!D20,0),"") | BD13: =IFERROR(ROUND(Sheet1!AB20/Sheet1!AA20*100,2),"") | BF13: =IFERROR(ROUND(Sheet1!AD20/Sheet1!AA20*Sheet1!D20,0),"") | BG13: =IFERROR(ROUND(Sheet1!AC20/Sheet1!AA20*100,2),"") | BI13: =IFERROR(ROUND(Sheet1!AC20/Sheet1!AA20*Sheet1!D20,0),"") | BJ13: =IFERROR(ROUND(Sheet1!AD20/Sheet1!AA20*100,2),"")
A14: =IF(Sheet1!B21="","",Sheet1!B21) | B14: =IF(Sheet1!C21="","",Sheet1!C21) | C14: =IF(Sheet1!D21="","",Sheet1!D21) | D14: =IFERROR(ROUND(Sheet1!D21*Sheet1!F21/Sheet1!E21,2),"") | E14: =IFERROR(ROUND(Sheet1!F21/Sheet1!E21*100,2),"") | G14: =IFERROR(ROUND(Sheet1!D21*Sheet1!J21/Sheet1!G21,0),"") | H14: =IFERROR(ROUND(Sheet1!J21/Sheet1!G21*100,2),"") | J14: =IFERROR(ROUND(Sheet1!D21*Sheet1!K21/Sheet1!G21,0),"") | K14: =IFERROR(ROUND(Sheet1!K21/Sheet1!G21*100,2),"") | M14: =IFERROR(ROUND(Sheet1!D21*Sheet1!I21/Sheet1!G21,0),"") | N14: =IFERROR(ROUND(Sheet1!I21/Sheet1!G21*100,2),"") | P14: =IFERROR(ROUND(Sheet1!L21/Sheet1!H21*M14,0),"") | Q14: =IFERROR(ROUND(Sheet1!L21/Sheet1!H21*100,2),"") | S14: =IFERROR(ROUND(Sheet1!M21/Sheet1!H21*M14,0),"") | T14: =IFERROR(ROUND(Sheet1!M21/Sheet1!H21*100,2),"") | V14: =IFERROR(ROUND(Sheet1!O21/Sheet1!H21*M14,0),"") | W14: =IFERROR(ROUND(Sheet1!O21/Sheet1!H21*100,2),"") | AA14: =IFERROR(ROUND(Sheet1!P21/Sheet1!H21*100,2),"") | AC14: =IFERROR(ROUND(Sheet1!N21/Sheet1!H21*100,2),"") | AE14: =IFERROR(ROUND(Sheet1!Q21/Sheet1!H21*M14,0),"") | AF14: =IFERROR(ROUND(Sheet1!Q21/Sheet1!H21*100,2),"") | AH14: =IFERROR(ROUND(Sheet1!R21/Sheet1!H21*M14,0),"") | AI14: =IFERROR(ROUND(Sheet1!R21/Sheet1!H21*100,2),"") | AK14: =IFERROR(ROUND(AF14/AI14,2),"") | AL14: =IFERROR(ROUND(Sheet1!U21/Sheet1!S21*M14,0),"") | AM14: =IFERROR(ROUND(Sheet1!U21/Sheet1!T21*100,2),"") | AQ14: =IFERROR(ROUND(Sheet1!W21/Sheet1!V21*M14,0),"") | AR14: =IFERROR(ROUND(Sheet1!W21/Sheet1!V21*100,2),"") | AT14: =IFERROR(ROUND(Sheet1!Y21/Sheet1!V21*M14,0),"") | AU14: =IFERROR(ROUND(Sheet1!Y21/Sheet1!V21*100,2),"") | AW14: =IFERROR(ROUND(Sheet1!X21/Sheet1!V21*M14,0),"") | AX14: =IFERROR(ROUND(Sheet1!X21/Sheet1!V21*100,2),"") | AZ14: =IFERROR(ROUND(Sheet1!Z21/Sheet1!V21*M14,0),"") | BA14: =IFERROR(ROUND(Sheet1!Z21/Sheet1!V21*100,2),"") | BC14: =IFERROR(ROUND(Sheet1!AB21/Sheet1!AA21*Sheet1!D21,0),"") | BD14: =IFERROR(ROUND(Sheet1!AB21/Sheet1!AA21*100,2),"") | BF14: =IFERROR(ROUND(Sheet1!AD21/Sheet1!AA21*Sheet1!D21,0),"") | BG14: =IFERROR(ROUND(Sheet1!AC21/Sheet1!AA21*100,2),"") | BI14: =IFERROR(ROUND(Sheet1!AC21/Sheet1!AA21*Sheet1!D21,0),"") | BJ14: =IFERROR(ROUND(Sheet1!AD21/Sheet1!AA21*100,2),"")
A15: =IF(Sheet1!B22="","",Sheet1!B22) | B15: =IF(Sheet1!C22="","",Sheet1!C22) | C15: =IF(Sheet1!D22="","",Sheet1!D22) | D15: =IFERROR(ROUND(Sheet1!D22*Sheet1!F22/Sheet1!E22,2),"") | E15: =IFERROR(ROUND(Sheet1!F22/Sheet1!E22*100,2),"") | G15: =IFERROR(ROUND(Sheet1!D22*Sheet1!J22/Sheet1!G22,0),"") | H15: =IFERROR(ROUND(Sheet1!J22/Sheet1!G22*100,2),"") | J15: =IFERROR(ROUND(Sheet1!D22*Sheet1!K22/Sheet1!G22,0),"") | K15: =IFERROR(ROUND(Sheet1!K22/Sheet1!G22*100,2),"") | M15: =IFERROR(ROUND(Sheet1!D22*Sheet1!I22/Sheet1!G22,0),"") | N15: =IFERROR(ROUND(Sheet1!I22/Sheet1!G22*100,2),"") | P15: =IFERROR(ROUND(Sheet1!L22/Sheet1!H22*M15,0),"") | Q15: =IFERROR(ROUND(Sheet1!L22/Sheet1!H22*100,2),"") | S15: =IFERROR(ROUND(Sheet1!M22/Sheet1!H22*M15,0),"") | T15: =IFERROR(ROUND(Sheet1!M22/Sheet1!H22*100,2),"") | V15: =IFERROR(ROUND(Sheet1!O22/Sheet1!H22*M15,0),"") | W15: =IFERROR(ROUND(Sheet1!O22/Sheet1!H22*100,2),"") | AA15: =IFERROR(ROUND(Sheet1!P22/Sheet1!H22*100,2),"") | AC15: =IFERROR(ROUND(Sheet1!N22/Sheet1!H22*100,2),"") | AE15: =IFERROR(ROUND(Sheet1!Q22/Sheet1!H22*M15,0),"") | AF15: =IFERROR(ROUND(Sheet1!Q22/Sheet1!H22*100,2),"") | AH15: =IFERROR(ROUND(Sheet1!R22/Sheet1!H22*M15,0),"") | AI15: =IFERROR(ROUND(Sheet1!R22/Sheet1!H22*100,2),"") | AK15: =IFERROR(ROUND(AF15/AI15,2),"") | AL15: =IFERROR(ROUND(Sheet1!U22/Sheet1!S22*M15,0),"") | AM15: =IFERROR(ROUND(Sheet1!U22/Sheet1!T22*100,2),"") | AQ15: =IFERROR(ROUND(Sheet1!W22/Sheet1!V22*M15,0),"") | AR15: =IFERROR(ROUND(Sheet1!W22/Sheet1!V22*100,2),"") | AT15: =IFERROR(ROUND(Sheet1!Y22/Sheet1!V22*M15,0),"") | AU15: =IFERROR(ROUND(Sheet1!Y22/Sheet1!V22*100,2),"") | AW15: =IFERROR(ROUND(Sheet1!X22/Sheet1!V22*M15,0),"") | AX15: =IFERROR(ROUND(Sheet1!X22/Sheet1!V22*100,2),"") | AZ15: =IFERROR(ROUND(Sheet1!Z22/Sheet1!V22*M15,0),"") | BA15: =IFERROR(ROUND(Sheet1!Z22/Sheet1!V22*100,2),"") | BC15: =IFERROR(ROUND(Sheet1!AB22/Sheet1!AA22*Sheet1!D22,0),"") | BD15: =IFERROR(ROUND(Sheet1!AB22/Sheet1!AA22*100,2),"") | BF15: =IFERROR(ROUND(Sheet1!AD22/Sheet1!AA22*Sheet1!D22,0),"") | BG15: =IFERROR(ROUND(Sheet1!AC22/Sheet1!AA22*100,2),"") | BI15: =IFERROR(ROUND(Sheet1!AC22/Sheet1!AA22*Sheet1!D22,0),"") | BJ15: =IFERROR(ROUND(Sheet1!AD22/Sheet1!AA22*100,2),"")
A16: =IF(Sheet1!B23="","",Sheet1!B23) | B16: =IF(Sheet1!C23="","",Sheet1!C23) | C16: =IF(Sheet1!D23="","",Sheet1!D23) | D16: =IFERROR(ROUND(Sheet1!D23*Sheet1!F23/Sheet1!E23,2),"") | E16: =IFERROR(ROUND(Sheet1!F23/Sheet1!E23*100,2),"") | G16: =IFERROR(ROUND(Sheet1!D23*Sheet1!J23/Sheet1!G23,0),"") | H16: =IFERROR(ROUND(Sheet1!J23/Sheet1!G23*100,2),"") | J16: =IFERROR(ROUND(Sheet1!D23*Sheet1!K23/Sheet1!G23,0),"") | K16: =IFERROR(ROUND(Sheet1!K23/Sheet1!G23*100,2),"") | M16: =IFERROR(ROUND(Sheet1!D23*Sheet1!I23/Sheet1!G23,0),"") | N16: =IFERROR(ROUND(Sheet1!I23/Sheet1!G23*100,2),"") | P16: =IFERROR(ROUND(Sheet1!L23/Sheet1!H23*M16,0),"") | Q16: =IFERROR(ROUND(Sheet1!L23/Sheet1!H23*100,2),"") | S16: =IFERROR(ROUND(Sheet1!M23/Sheet1!H23*M16,0),"") | T16: =IFERROR(ROUND(Sheet1!M23/Sheet1!H23*100,2),"") | V16: =IFERROR(ROUND(Sheet1!O23/Sheet1!H23*M16,0),"") | W16: =IFERROR(ROUND(Sheet1!O23/Sheet1!H23*100,2),"") | AA16: =IFERROR(ROUND(Sheet1!P23/Sheet1!H23*100,2),"") | AC16: =IFERROR(ROUND(Sheet1!N23/Sheet1!H23*100,2),"") | AE16: =IFERROR(ROUND(Sheet1!Q23/Sheet1!H23*M16,0),"") | AF16: =IFERROR(ROUND(Sheet1!Q23/Sheet1!H23*100,2),"") | AH16: =IFERROR(ROUND(Sheet1!R23/Sheet1!H23*M16,0),"") | AI16: =IFERROR(ROUND(Sheet1!R23/Sheet1!H23*100,2),"") | AK16: =IFERROR(ROUND(AF16/AI16,2),"") | AL16: =IFERROR(ROUND(Sheet1!U23/Sheet1!S23*M16,0),"") | AM16: =IFERROR(ROUND(Sheet1!U23/Sheet1!T23*100,2),"") | AQ16: =IFERROR(ROUND(Sheet1!W23/Sheet1!V23*M16,0),"") | AR16: =IFERROR(ROUND(Sheet1!W23/Sheet1!V23*100,2),"") | AT16: =IFERROR(ROUND(Sheet1!Y23/Sheet1!V23*M16,0),"") | AU16: =IFERROR(ROUND(Sheet1!Y23/Sheet1!V23*100,2),"") | AW16: =IFERROR(ROUND(Sheet1!X23/Sheet1!V23*M16,0),"") | AX16: =IFERROR(ROUND(Sheet1!X23/Sheet1!V23*100,2),"") | AZ16: =IFERROR(ROUND(Sheet1!Z23/Sheet1!V23*M16,0),"") | BA16: =IFERROR(ROUND(Sheet1!Z23/Sheet1!V23*100,2),"") | BC16: =IFERROR(ROUND(Sheet1!AB23/Sheet1!AA23*Sheet1!D23,0),"") | BD16: =IFERROR(ROUND(Sheet1!AB23/Sheet1!AA23*100,2),"") | BF16: =IFERROR(ROUND(Sheet1!AD23/Sheet1!AA23*Sheet1!D23,0),"") | BG16: =IFERROR(ROUND(Sheet1!AC23/Sheet1!AA23*100,2),"") | BI16: =IFERROR(ROUND(Sheet1!AC23/Sheet1!AA23*Sheet1!D23,0),"") | BJ16: =IFERROR(ROUND(Sheet1!AD23/Sheet1!AA23*100,2),"")
A17: =IF(Sheet1!B24="","",Sheet1!B24) | B17: =IF(Sheet1!C24="","",Sheet1!C24) | C17: =IF(Sheet1!D24="","",Sheet1!D24) | D17: =IFERROR(ROUND(Sheet1!D24*Sheet1!F24/Sheet1!E24,2),"") | E17: =IFERROR(ROUND(Sheet1!F24/Sheet1!E24*100,2),"") | G17: =IFERROR(ROUND(Sheet1!D24*Sheet1!J24/Sheet1!G24,0),"") | H17: =IFERROR(ROUND(Sheet1!J24/Sheet1!G24*100,2),"") | J17: =IFERROR(ROUND(Sheet1!D24*Sheet1!K24/Sheet1!G24,0),"") | K17: =IFERROR(ROUND(Sheet1!K24/Sheet1!G24*100,2),"") | M17: =IFERROR(ROUND(Sheet1!D24*Sheet1!I24/Sheet1!G24,0),"") | N17: =IFERROR(ROUND(Sheet1!I24/Sheet1!G24*100,2),"") | P17: =IFERROR(ROUND(Sheet1!L24/Sheet1!H24*M17,0),"") | Q17: =IFERROR(ROUND(Sheet1!L24/Sheet1!H24*100,2),"") | S17: =IFERROR(ROUND(Sheet1!M24/Sheet1!H24*M17,0),"") | T17: =IFERROR(ROUND(Sheet1!M24/Sheet1!H24*100,2),"") | V17: =IFERROR(ROUND(Sheet1!O24/Sheet1!H24*M17,0),"") | W17: =IFERROR(ROUND(Sheet1!O24/Sheet1!H24*100,2),"") | AA17: =IFERROR(ROUND(Sheet1!P24/Sheet1!H24*100,2),"") | AC17: =IFERROR(ROUND(Sheet1!N24/Sheet1!H24*100,2),"") | AE17: =IFERROR(ROUND(Sheet1!Q24/Sheet1!H24*M17,0),"") | AF17: =IFERROR(ROUND(Sheet1!Q24/Sheet1!H24*100,2),"") | AH17: =IFERROR(ROUND(Sheet1!R24/Sheet1!H24*M17,0),"") | AI17: =IFERROR(ROUND(Sheet1!R24/Sheet1!H24*100,2),"") | AK17: =IFERROR(ROUND(AF17/AI17,2),"") | AL17: =IFERROR(ROUND(Sheet1!U24/Sheet1!S24*M17,0),"") | AM17: =IFERROR(ROUND(Sheet1!U24/Sheet1!T24*100,2),"") | AQ17: =IFERROR(ROUND(Sheet1!W24/Sheet1!V24*M17,0),"") | AR17: =IFERROR(ROUND(Sheet1!W24/Sheet1!V24*100,2),"") | AT17: =IFERROR(ROUND(Sheet1!Y24/Sheet1!V24*M17,0),"") | AU17: =IFERROR(ROUND(Sheet1!Y24/Sheet1!V24*100,2),"") | AW17: =IFERROR(ROUND(Sheet1!X24/Sheet1!V24*M17,0),"") | AX17: =IFERROR(ROUND(Sheet1!X24/Sheet1!V24*100,2),"") | AZ17: =IFERROR(ROUND(Sheet1!Z24/Sheet1!V24*M17,0),"") | BA17: =IFERROR(ROUND(Sheet1!Z24/Sheet1!V24*100,2),"") | BC17: =IFERROR(ROUND(Sheet1!AB24/Sheet1!AA24*Sheet1!D24,0),"") | BD17: =IFERROR(ROUND(Sheet1!AB24/Sheet1!AA24*100,2),"") | BF17: =IFERROR(ROUND(Sheet1!AD24/Sheet1!AA24*Sheet1!D24,0),"") | BG17: =IFERROR(ROUND(Sheet1!AC24/Sheet1!AA24*100,2),"") | BI17: =IFERROR(ROUND(Sheet1!AC24/Sheet1!AA24*Sheet1!D24,0),"") | BJ17: =IFERROR(ROUND(Sheet1!AD24/Sheet1!AA24*100,2),"")
A18: =IF(Sheet1!B25="","",Sheet1!B25) | B18: =IF(Sheet1!C25="","",Sheet1!C25) | C18: =IF(Sheet1!D25="","",Sheet1!D25) | D18: =IFERROR(ROUND(Sheet1!D25*Sheet1!F25/Sheet1!E25,2),"") | E18: =IFERROR(ROUND(Sheet1!F25/Sheet1!E25*100,2),"") | G18: =IFERROR(ROUND(Sheet1!D25*Sheet1!J25/Sheet1!G25,0),"") | H18: =IFERROR(ROUND(Sheet1!J25/Sheet1!G25*100,2),"") | J18: =IFERROR(ROUND(Sheet1!D25*Sheet1!K25/Sheet1!G25,0),"") | K18: =IFERROR(ROUND(Sheet1!K25/Sheet1!G25*100,2),"") | M18: =IFERROR(ROUND(Sheet1!D25*Sheet1!I25/Sheet1!G25,0),"") | N18: =IFERROR(ROUND(Sheet1!I25/Sheet1!G25*100,2),"") | P18: =IFERROR(ROUND(Sheet1!L25/Sheet1!H25*M18,0),"") | Q18: =IFERROR(ROUND(Sheet1!L25/Sheet1!H25*100,2),"") | S18: =IFERROR(ROUND(Sheet1!M25/Sheet1!H25*M18,0),"") | T18: =IFERROR(ROUND(Sheet1!M25/Sheet1!H25*100,2),"") | V18: =IFERROR(ROUND(Sheet1!O25/Sheet1!H25*M18,0),"") | W18: =IFERROR(ROUND(Sheet1!O25/Sheet1!H25*100,2),"") | AA18: =IFERROR(ROUND(Sheet1!P25/Sheet1!H25*100,2),"") | AC18: =IFERROR(ROUND(Sheet1!N25/Sheet1!H25*100,2),"") | AE18: =IFERROR(ROUND(Sheet1!Q25/Sheet1!H25*M18,0),"") | AF18: =IFERROR(ROUND(Sheet1!Q25/Sheet1!H25*100,2),"") | AH18: =IFERROR(ROUND(Sheet1!R25/Sheet1!H25*M18,0),"") | AI18: =IFERROR(ROUND(Sheet1!R25/Sheet1!H25*100,2),"") | AK18: =IFERROR(ROUND(AF18/AI18,2),"") | AL18: =IFERROR(ROUND(Sheet1!U25/Sheet1!S25*M18,0),"") | AM18: =IFERROR(ROUND(Sheet1!U25/Sheet1!T25*100,2),"") | AQ18: =IFERROR(ROUND(Sheet1!W25/Sheet1!V25*M18,0),"") | AR18: =IFERROR(ROUND(Sheet1!W25/Sheet1!V25*100,2),"") | AT18: =IFERROR(ROUND(Sheet1!Y25/Sheet1!V25*M18,0),"") | AU18: =IFERROR(ROUND(Sheet1!Y25/Sheet1!V25*100,2),"") | AW18: =IFERROR(ROUND(Sheet1!X25/Sheet1!V25*M18,0),"") | AX18: =IFERROR(ROUND(Sheet1!X25/Sheet1!V25*100,2),"") | AZ18: =IFERROR(ROUND(Sheet1!Z25/Sheet1!V25*M18,0),"") | BA18: =IFERROR(ROUND(Sheet1!Z25/Sheet1!V25*100,2),"") | BC18: =IFERROR(ROUND(Sheet1!AB25/Sheet1!AA25*Sheet1!D25,0),"") | BD18: =IFERROR(ROUND(Sheet1!AB25/Sheet1!AA25*100,2),"") | BF18: =IFERROR(ROUND(Sheet1!AD25/Sheet1!AA25*Sheet1!D25,0),"") | BG18: =IFERROR(ROUND(Sheet1!AC25/Sheet1!AA25*100,2),"") | BI18: =IFERROR(ROUND(Sheet1!AC25/Sheet1!AA25*Sheet1!D25,0),"") | BJ18: =IFERROR(ROUND(Sheet1!AD25/Sheet1!AA25*100,2),"")
A19: =IF(Sheet1!B26="","",Sheet1!B26) | B19: =IF(Sheet1!C26="","",Sheet1!C26) | C19: =IF(Sheet1!D26="","",Sheet1!D26) | D19: =IFERROR(ROUND(Sheet1!D26*Sheet1!F26/Sheet1!E26,2),"") | E19: =IFERROR(ROUND(Sheet1!F26/Sheet1!E26*100,2),"") | G19: =IFERROR(ROUND(Sheet1!D26*Sheet1!J26/Sheet1!G26,0),"") | H19: =IFERROR(ROUND(Sheet1!J26/Sheet1!G26*100,2),"") | J19: =IFERROR(ROUND(Sheet1!D26*Sheet1!K26/Sheet1!G26,0),"") | K19: =IFERROR(ROUND(Sheet1!K26/Sheet1!G26*100,2),"") | M19: =IFERROR(ROUND(Sheet1!D26*Sheet1!I26/Sheet1!G26,0),"") | N19: =IFERROR(ROUND(Sheet1!I26/Sheet1!G26*100,2),"") | P19: =IFERROR(ROUND(Sheet1!L26/Sheet1!H26*M19,0),"") | Q19: =IFERROR(ROUND(Sheet1!L26/Sheet1!H26*100,2),"") | S19: =IFERROR(ROUND(Sheet1!M26/Sheet1!H26*M19,0),"") | T19: =IFERROR(ROUND(Sheet1!M26/Sheet1!H26*100,2),"") | V19: =IFERROR(ROUND(Sheet1!O26/Sheet1!H26*M19,0),"") | W19: =IFERROR(ROUND(Sheet1!O26/Sheet1!H26*100,2),"") | AA19: =IFERROR(ROUND(Sheet1!P26/Sheet1!H26*100,2),"") | AC19: =IFERROR(ROUND(Sheet1!N26/Sheet1!H26*100,2),"") | AE19: =IFERROR(ROUND(Sheet1!Q26/Sheet1!H26*M19,0),"") | AF19: =IFERROR(ROUND(Sheet1!Q26/Sheet1!H26*100,2),"") | AH19: =IFERROR(ROUND(Sheet1!R26/Sheet1!H26*M19,0),"") | AI19: =IFERROR(ROUND(Sheet1!R26/Sheet1!H26*100,2),"") | AK19: =IFERROR(ROUND(AF19/AI19,2),"") | AL19: =IFERROR(ROUND(Sheet1!U26/Sheet1!S26*M19,0),"") | AM19: =IFERROR(ROUND(Sheet1!U26/Sheet1!T26*100,2),"") | AQ19: =IFERROR(ROUND(Sheet1!W26/Sheet1!V26*M19,0),"") | AR19: =IFERROR(ROUND(Sheet1!W26/Sheet1!V26*100,2),"") | AT19: =IFERROR(ROUND(Sheet1!Y26/Sheet1!V26*M19,0),"") | AU19: =IFERROR(ROUND(Sheet1!Y26/Sheet1!V26*100,2),"") | AW19: =IFERROR(ROUND(Sheet1!X26/Sheet1!V26*M19,0),"") | AX19: =IFERROR(ROUND(Sheet1!X26/Sheet1!V26*100,2),"") | AZ19: =IFERROR(ROUND(Sheet1!Z26/Sheet1!V26*M19,0),"") | BA19: =IFERROR(ROUND(Sheet1!Z26/Sheet1!V26*100,2),"") | BC19: =IFERROR(ROUND(Sheet1!AB26/Sheet1!AA26*Sheet1!D26,0),"") | BD19: =IFERROR(ROUND(Sheet1!AB26/Sheet1!AA26*100,2),"") | BF19: =IFERROR(ROUND(Sheet1!AD26/Sheet1!AA26*Sheet1!D26,0),"") | BG19: =IFERROR(ROUND(Sheet1!AC26/Sheet1!AA26*100,2),"") | BI19: =IFERROR(ROUND(Sheet1!AC26/Sheet1!AA26*Sheet1!D26,0),"") | BJ19: =IFERROR(ROUND(Sheet1!AD26/Sheet1!AA26*100,2),"")
A20: =IF(Sheet1!B27="","",Sheet1!B27) | B20: =IF(Sheet1!C27="","",Sheet1!C27) | C20: =IF(Sheet1!D27="","",Sheet1!D27) | D20: =IFERROR(ROUND(Sheet1!D27*Sheet1!F27/Sheet1!E27,2),"") | E20: =IFERROR(ROUND(Sheet1!F27/Sheet1!E27*100,2),"") | G20: =IFERROR(ROUND(Sheet1!D27*Sheet1!J27/Sheet1!G27,0),"") | H20: =IFERROR(ROUND(Sheet1!J27/Sheet1!G27*100,2),"") | J20: =IFERROR(ROUND(Sheet1!D27*Sheet1!K27/Sheet1!G27,0),"") | K20: =IFERROR(ROUND(Sheet1!K27/Sheet1!G27*100,2),"") | M20: =IFERROR(ROUND(Sheet1!D27*Sheet1!I27/Sheet1!G27,0),"") | N20: =IFERROR(ROUND(Sheet1!I27/Sheet1!G27*100,2),"") | P20: =IFERROR(ROUND(Sheet1!L27/Sheet1!H27*M20,0),"") | Q20: =IFERROR(ROUND(Sheet1!L27/Sheet1!H27*100,2),"") | S20: =IFERROR(ROUND(Sheet1!M27/Sheet1!H27*M20,0),"") | T20: =IFERROR(ROUND(Sheet1!M27/Sheet1!H27*100,2),"") | V20: =IFERROR(ROUND(Sheet1!O27/Sheet1!H27*M20,0),"") | W20: =IFERROR(ROUND(Sheet1!O27/Sheet1!H27*100,2),"") | AA20: =IFERROR(ROUND(Sheet1!P27/Sheet1!H27*100,2),"") | AC20: =IFERROR(ROUND(Sheet1!N27/Sheet1!H27*100,2),"") | AE20: =IFERROR(ROUND(Sheet1!Q27/Sheet1!H27*M20,0),"") | AF20: =IFERROR(ROUND(Sheet1!Q27/Sheet1!H27*100,2),"") | AH20: =IFERROR(ROUND(Sheet1!R27/Sheet1!H27*M20,0),"") | AI20: =IFERROR(ROUND(Sheet1!R27/Sheet1!H27*100,2),"") | AK20: =IFERROR(ROUND(AF20/AI20,2),"") | AL20: =IFERROR(ROUND(Sheet1!U27/Sheet1!S27*M20,0),"") | AM20: =IFERROR(ROUND(Sheet1!U27/Sheet1!T27*100,2),"") | AQ20: =IFERROR(ROUND(Sheet1!W27/Sheet1!V27*M20,0),"") | AR20: =IFERROR(ROUND(Sheet1!W27/Sheet1!V27*100,2),"") | AT20: =IFERROR(ROUND(Sheet1!Y27/Sheet1!V27*M20,0),"") | AU20: =IFERROR(ROUND(Sheet1!Y27/Sheet1!V27*100,2),"") | AW20: =IFERROR(ROUND(Sheet1!X27/Sheet1!V27*M20,0),"") | AX20: =IFERROR(ROUND(Sheet1!X27/Sheet1!V27*100,2),"") | AZ20: =IFERROR(ROUND(Sheet1!Z27/Sheet1!V27*M20,0),"") | BA20: =IFERROR(ROUND(Sheet1!Z27/Sheet1!V27*100,2),"") | BC20: =IFERROR(ROUND(Sheet1!AB27/Sheet1!AA27*Sheet1!D27,0),"") | BD20: =IFERROR(ROUND(Sheet1!AB27/Sheet1!AA27*100,2),"") | BF20: =IFERROR(ROUND(Sheet1!AD27/Sheet1!AA27*Sheet1!D27,0),"") | BG20: =IFERROR(ROUND(Sheet1!AC27/Sheet1!AA27*100,2),"") | BI20: =IFERROR(ROUND(Sheet1!AC27/Sheet1!AA27*Sheet1!D27,0),"") | BJ20: =IFERROR(ROUND(Sheet1!AD27/Sheet1!AA27*100,2),"")
A21: =IF(Sheet1!B28="","",Sheet1!B28) | B21: =IF(Sheet1!C28="","",Sheet1!C28) | C21: =IF(Sheet1!D28="","",Sheet1!D28) | D21: =IFERROR(ROUND(Sheet1!D28*Sheet1!F28/Sheet1!E28,2),"") | E21: =IFERROR(ROUND(Sheet1!F28/Sheet1!E28*100,2),"") | G21: =IFERROR(ROUND(Sheet1!D28*Sheet1!J28/Sheet1!G28,0),"") | H21: =IFERROR(ROUND(Sheet1!J28/Sheet1!G28*100,2),"") | J21: =IFERROR(ROUND(Sheet1!D28*Sheet1!K28/Sheet1!G28,0),"") | K21: =IFERROR(ROUND(Sheet1!K28/Sheet1!G28*100,2),"") | M21: =IFERROR(ROUND(Sheet1!D28*Sheet1!I28/Sheet1!G28,0),"") | N21: =IFERROR(ROUND(Sheet1!I28/Sheet1!G28*100,2),"") | P21: =IFERROR(ROUND(Sheet1!L28/Sheet1!H28*M21,0),"") | Q21: =IFERROR(ROUND(Sheet1!L28/Sheet1!H28*100,2),"") | S21: =IFERROR(ROUND(Sheet1!M28/Sheet1!H28*M21,0),"") | T21: =IFERROR(ROUND(Sheet1!M28/Sheet1!H28*100,2),"") | V21: =IFERROR(ROUND(Sheet1!O28/Sheet1!H28*M21,0),"") | W21: =IFERROR(ROUND(Sheet1!O28/Sheet1!H28*100,2),"") | AA21: =IFERROR(ROUND(Sheet1!P28/Sheet1!H28*100,2),"") | AC21: =IFERROR(ROUND(Sheet1!N28/Sheet1!H28*100,2),"") | AE21: =IFERROR(ROUND(Sheet1!Q28/Sheet1!H28*M21,0),"") | AF21: =IFERROR(ROUND(Sheet1!Q28/Sheet1!H28*100,2),"") | AH21: =IFERROR(ROUND(Sheet1!R28/Sheet1!H28*M21,0),"") | AI21: =IFERROR(ROUND(Sheet1!R28/Sheet1!H28*100,2),"") | AK21: =IFERROR(ROUND(AF21/AI21,2),"") | AL21: =IFERROR(ROUND(Sheet1!U28/Sheet1!S28*M21,0),"") | AM21: =IFERROR(ROUND(Sheet1!U28/Sheet1!T28*100,2),"") | AQ21: =IFERROR(ROUND(Sheet1!W28/Sheet1!V28*M21,0),"") | AR21: =IFERROR(ROUND(Sheet1!W28/Sheet1!V28*100,2),"") | AT21: =IFERROR(ROUND(Sheet1!Y28/Sheet1!V28*M21,0),"") | AU21: =IFERROR(ROUND(Sheet1!Y28/Sheet1!V28*100,2),"") | AW21: =IFERROR(ROUND(Sheet1!X28/Sheet1!V28*M21,0),"") | AX21: =IFERROR(ROUND(Sheet1!X28/Sheet1!V28*100,2),"") | AZ21: =IFERROR(ROUND(Sheet1!Z28/Sheet1!V28*M21,0),"") | BA21: =IFERROR(ROUND(Sheet1!Z28/Sheet1!V28*100,2),"") | BC21: =IFERROR(ROUND(Sheet1!AB28/Sheet1!AA28*Sheet1!D28,0),"") | BD21: =IFERROR(ROUND(Sheet1!AB28/Sheet1!AA28*100,2),"") | BF21: =IFERROR(ROUND(Sheet1!AD28/Sheet1!AA28*Sheet1!D28,0),"") | BG21: =IFERROR(ROUND(Sheet1!AC28/Sheet1!AA28*100,2),"") | BI21: =IFERROR(ROUND(Sheet1!AC28/Sheet1!AA28*Sheet1!D28,0),"") | BJ21: =IFERROR(ROUND(Sheet1!AD28/Sheet1!AA28*100,2),"")
A22: =IF(Sheet1!B29="","",Sheet1!B29) | B22: =IF(Sheet1!C29="","",Sheet1!C29) | C22: =IF(Sheet1!D29="","",Sheet1!D29) | D22: =IFERROR(ROUND(Sheet1!D29*Sheet1!F29/Sheet1!E29,2),"") | E22: =IFERROR(ROUND(Sheet1!F29/Sheet1!E29*100,2),"") | G22: =IFERROR(ROUND(Sheet1!D29*Sheet1!J29/Sheet1!G29,0),"") | H22: =IFERROR(ROUND(Sheet1!J29/Sheet1!G29*100,2),"") | J22: =IFERROR(ROUND(Sheet1!D29*Sheet1!K29/Sheet1!G29,0),"") | K22: =IFERROR(ROUND(Sheet1!K29/Sheet1!G29*100,2),"") | M22: =IFERROR(ROUND(Sheet1!D29*Sheet1!I29/Sheet1!G29,0),"") | N22: =IFERROR(ROUND(Sheet1!I29/Sheet1!G29*100,2),"") | P22: =IFERROR(ROUND(Sheet1!L29/Sheet1!H29*M22,0),"") | Q22: =IFERROR(ROUND(Sheet1!L29/Sheet1!H29*100,2),"") | S22: =IFERROR(ROUND(Sheet1!M29/Sheet1!H29*M22,0),"") | T22: =IFERROR(ROUND(Sheet1!M29/Sheet1!H29*100,2),"") | V22: =IFERROR(ROUND(Sheet1!O29/Sheet1!H29*M22,0),"") | W22: =IFERROR(ROUND(Sheet1!O29/Sheet1!H29*100,2),"") | AA22: =IFERROR(ROUND(Sheet1!P29/Sheet1!H29*100,2),"") | AC22: =IFERROR(ROUND(Sheet1!N29/Sheet1!H29*100,2),"") | AE22: =IFERROR(ROUND(Sheet1!Q29/Sheet1!H29*M22,0),"") | AF22: =IFERROR(ROUND(Sheet1!Q29/Sheet1!H29*100,2),"") | AH22: =IFERROR(ROUND(Sheet1!R29/Sheet1!H29*M22,0),"") | AI22: =IFERROR(ROUND(Sheet1!R29/Sheet1!H29*100,2),"") | AK22: =IFERROR(ROUND(AF22/AI22,2),"") | AL22: =IFERROR(ROUND(Sheet1!U29/Sheet1!S29*M22,0),"") | AM22: =IFERROR(ROUND(Sheet1!U29/Sheet1!T29*100,2),"") | AQ22: =IFERROR(ROUND(Sheet1!W29/Sheet1!V29*M22,0),"") | AR22: =IFERROR(ROUND(Sheet1!W29/Sheet1!V29*100,2),"") | AT22: =IFERROR(ROUND(Sheet1!Y29/Sheet1!V29*M22,0),"") | AU22: =IFERROR(ROUND(Sheet1!Y29/Sheet1!V29*100,2),"") | AW22: =IFERROR(ROUND(Sheet1!X29/Sheet1!V29*M22,0),"") | AX22: =IFERROR(ROUND(Sheet1!X29/Sheet1!V29*100,2),"") | AZ22: =IFERROR(ROUND(Sheet1!Z29/Sheet1!V29*M22,0),"") | BA22: =IFERROR(ROUND(Sheet1!Z29/Sheet1!V29*100,2),"") | BC22: =IFERROR(ROUND(Sheet1!AB29/Sheet1!AA29*Sheet1!D29,0),"") | BD22: =IFERROR(ROUND(Sheet1!AB29/Sheet1!AA29*100,2),"") | BF22: =IFERROR(ROUND(Sheet1!AD29/Sheet1!AA29*Sheet1!D29,0),"") | BG22: =IFERROR(ROUND(Sheet1!AC29/Sheet1!AA29*100,2),"") | BI22: =IFERROR(ROUND(Sheet1!AC29/Sheet1!AA29*Sheet1!D29,0),"") | BJ22: =IFERROR(ROUND(Sheet1!AD29/Sheet1!AA29*100,2),"")
A23: =IF(Sheet1!B30="","",Sheet1!B30) | B23: =IF(Sheet1!C30="","",Sheet1!C30) | C23: =IF(Sheet1!D30="","",Sheet1!D30) | D23: =IFERROR(ROUND(Sheet1!D30*Sheet1!F30/Sheet1!E30,2),"") | E23: =IFERROR(ROUND(Sheet1!F30/Sheet1!E30*100,2),"") | G23: =IFERROR(ROUND(Sheet1!D30*Sheet1!J30/Sheet1!G30,0),"") | H23: =IFERROR(ROUND(Sheet1!J30/Sheet1!G30*100,2),"") | J23: =IFERROR(ROUND(Sheet1!D30*Sheet1!K30/Sheet1!G30,0),"") | K23: =IFERROR(ROUND(Sheet1!K30/Sheet1!G30*100,2),"") | M23: =IFERROR(ROUND(Sheet1!D30*Sheet1!I30/Sheet1!G30,0),"") | N23: =IFERROR(ROUND(Sheet1!I30/Sheet1!G30*100,2),"") | P23: =IFERROR(ROUND(Sheet1!L30/Sheet1!H30*M23,0),"") | Q23: =IFERROR(ROUND(Sheet1!L30/Sheet1!H30*100,2),"") | S23: =IFERROR(ROUND(Sheet1!M30/Sheet1!H30*M23,0),"") | T23: =IFERROR(ROUND(Sheet1!M30/Sheet1!H30*100,2),"") | V23: =IFERROR(ROUND(Sheet1!O30/Sheet1!H30*M23,0),"") | W23: =IFERROR(ROUND(Sheet1!O30/Sheet1!H30*100,2),"") | AA23: =IFERROR(ROUND(Sheet1!P30/Sheet1!H30*100,2),"") | AC23: =IFERROR(ROUND(Sheet1!N30/Sheet1!H30*100,2),"") | AE23: =IFERROR(ROUND(Sheet1!Q30/Sheet1!H30*M23,0),"") | AF23: =IFERROR(ROUND(Sheet1!Q30/Sheet1!H30*100,2),"") | AH23: =IFERROR(ROUND(Sheet1!R30/Sheet1!H30*M23,0),"") | AI23: =IFERROR(ROUND(Sheet1!R30/Sheet1!H30*100,2),"") | AK23: =IFERROR(ROUND(AF23/AI23,2),"") | AL23: =IFERROR(ROUND(Sheet1!U30/Sheet1!S30*M23,0),"") | AM23: =IFERROR(ROUND(Sheet1!U30/Sheet1!T30*100,2),"") | AQ23: =IFERROR(ROUND(Sheet1!W30/Sheet1!V30*M23,0),"") | AR23: =IFERROR(ROUND(Sheet1!W30/Sheet1!V30*100,2),"") | AT23: =IFERROR(ROUND(Sheet1!Y30/Sheet1!V30*M23,0),"") | AU23: =IFERROR(ROUND(Sheet1!Y30/Sheet1!V30*100,2),"") | AW23: =IFERROR(ROUND(Sheet1!X30/Sheet1!V30*M23,0),"") | AX23: =IFERROR(ROUND(Sheet1!X30/Sheet1!V30*100,2),"") | AZ23: =IFERROR(ROUND(Sheet1!Z30/Sheet1!V30*M23,0),"") | BA23: =IFERROR(ROUND(Sheet1!Z30/Sheet1!V30*100,2),"") | BC23: =IFERROR(ROUND(Sheet1!AB30/Sheet1!AA30*Sheet1!D30,0),"") | BD23: =IFERROR(ROUND(Sheet1!AB30/Sheet1!AA30*100,2),"") | BF23: =IFERROR(ROUND(Sheet1!AD30/Sheet1!AA30*Sheet1!D30,0),"") | BG23: =IFERROR(ROUND(Sheet1!AC30/Sheet1!AA30*100,2),"") | BI23: =IFERROR(ROUND(Sheet1!AC30/Sheet1!AA30*Sheet1!D30,0),"") | BJ23: =IFERROR(ROUND(Sheet1!AD30/Sheet1!AA30*100,2),"")
A24: =IF(Sheet1!B31="","",Sheet1!B31) | B24: =IF(Sheet1!C31="","",Sheet1!C31) | C24: =IF(Sheet1!D31="","",Sheet1!D31) | D24: =IFERROR(ROUND(Sheet1!D31*Sheet1!F31/Sheet1!E31,2),"") | E24: =IFERROR(ROUND(Sheet1!F31/Sheet1!E31*100,2),"") | G24: =IFERROR(ROUND(Sheet1!D31*Sheet1!J31/Sheet1!G31,0),"") | H24: =IFERROR(ROUND(Sheet1!J31/Sheet1!G31*100,2),"") | J24: =IFERROR(ROUND(Sheet1!D31*Sheet1!K31/Sheet1!G31,0),"") | K24: =IFERROR(ROUND(Sheet1!K31/Sheet1!G31*100,2),"") | M24: =IFERROR(ROUND(Sheet1!D31*Sheet1!I31/Sheet1!G31,0),"") | N24: =IFERROR(ROUND(Sheet1!I31/Sheet1!G31*100,2),"") | P24: =IFERROR(ROUND(Sheet1!L31/Sheet1!H31*M24,0),"") | Q24: =IFERROR(ROUND(Sheet1!L31/Sheet1!H31*100,2),"") | S24: =IFERROR(ROUND(Sheet1!M31/Sheet1!H31*M24,0),"") | T24: =IFERROR(ROUND(Sheet1!M31/Sheet1!H31*100,2),"") | V24: =IFERROR(ROUND(Sheet1!O31/Sheet1!H31*M24,0),"") | W24: =IFERROR(ROUND(Sheet1!O31/Sheet1!H31*100,2),"") | AA24: =IFERROR(ROUND(Sheet1!P31/Sheet1!H31*100,2),"") | AC24: =IFERROR(ROUND(Sheet1!N31/Sheet1!H31*100,2),"") | AE24: =IFERROR(ROUND(Sheet1!Q31/Sheet1!H31*M24,0),"") | AF24: =IFERROR(ROUND(Sheet1!Q31/Sheet1!H31*100,2),"") | AH24: =IFERROR(ROUND(Sheet1!R31/Sheet1!H31*M24,0),"") | AI24: =IFERROR(ROUND(Sheet1!R31/Sheet1!H31*100,2),"") | AK24: =IFERROR(ROUND(AF24/AI24,2),"") | AL24: =IFERROR(ROUND(Sheet1!U31/Sheet1!S31*M24,0),"") | AM24: =IFERROR(ROUND(Sheet1!U31/Sheet1!T31*100,2),"") | AQ24: =IFERROR(ROUND(Sheet1!W31/Sheet1!V31*M24,0),"") | AR24: =IFERROR(ROUND(Sheet1!W31/Sheet1!V31*100,2),"") | AT24: =IFERROR(ROUND(Sheet1!Y31/Sheet1!V31*M24,0),"") | AU24: =IFERROR(ROUND(Sheet1!Y31/Sheet1!V31*100,2),"") | AW24: =IFERROR(ROUND(Sheet1!X31/Sheet1!V31*M24,0),"") | AX24: =IFERROR(ROUND(Sheet1!X31/Sheet1!V31*100,2),"") | AZ24: =IFERROR(ROUND(Sheet1!Z31/Sheet1!V31*M24,0),"") | BA24: =IFERROR(ROUND(Sheet1!Z31/Sheet1!V31*100,2),"") | BC24: =IFERROR(ROUND(Sheet1!AB31/Sheet1!AA31*Sheet1!D31,0),"") | BD24: =IFERROR(ROUND(Sheet1!AB31/Sheet1!AA31*100,2),"") | BF24: =IFERROR(ROUND(Sheet1!AD31/Sheet1!AA31*Sheet1!D31,0),"") | BG24: =IFERROR(ROUND(Sheet1!AC31/Sheet1!AA31*100,2),"") | BI24: =IFERROR(ROUND(Sheet1!AC31/Sheet1!AA31*Sheet1!D31,0),"") | BJ24: =IFERROR(ROUND(Sheet1!AD31/Sheet1!AA31*100,2),"")
... A69: =IF(Sheet1!B76="","",Sheet1!B76) | B69: =IF(Sheet1!C76="","",Sheet1!C76) | C69: =IF(Sheet1!D76="","",Sheet1!D76) | D69: =IFERROR(ROUND(Sheet1!D76*Sheet1!F76/Sheet1!E76,2),"") | E69: =IFERROR(ROUND(Sheet1!F76/Sheet1!E76*100,2),"") | G69: =IFERROR(ROUND(Sheet1!D76*Sheet1!J76/Sheet1!G76,0),"") | H69: =IFERROR(ROUND(Sheet1!J76/Sheet1!G76*100,2),"") | J69: =IFERROR(ROUND(Sheet1!D76*Sheet1!K76/Sheet1!G76,0),"") | K69: =IFERROR(ROUND(Sheet1!K76/Sheet1!G76*100,2),"") | M69: =IFERROR(ROUND(Sheet1!D76*Sheet1!I76/Sheet1!G76,0),"") | N69: =IFERROR(ROUND(Sheet1!I76/Sheet1!G76*100,2),"") | P69: =IFERROR(ROUND(Sheet1!L76/Sheet1!H76*M69,0),"") | Q69: =IFERROR(ROUND(Sheet1!L76/Sheet1!H76*100,2),"") | S69: =IFERROR(ROUND(Sheet1!M76/Sheet1!H76*M69,0),"") | T69: =IFERROR(ROUND(Sheet1!M76/Sheet1!H76*100,2),"") | V69: =IFERROR(ROUND(Sheet1!O76/Sheet1!H76*M69,0),"") | W69: =IFERROR(ROUND(Sheet1!O76/Sheet1!H76*100,2),"") | AA69: =IFERROR(ROUND(Sheet1!P76/Sheet1!H76*100,2),"") | AC69: =IFERROR(ROUND(Sheet1!N76/Sheet1!H76*100,2),"") | AE69: =IFERROR(ROUND(Sheet1!Q76/Sheet1!H76*M69,0),"") | AF69: =IFERROR(ROUND(Sheet1!Q76/Sheet1!H76*100,2),"") | AH69: =IFERROR(ROUND(Sheet1!R76/Sheet1!H76*M69,0),"") | AI69: =IFERROR(ROUND(Sheet1!R76/Sheet1!H76*100,2),"") | AK69: =IFERROR(ROUND(AF69/AI69,2),"") | AL69: =IFERROR(ROUND(Sheet1!U76/Sheet1!S76*M69,0),"") | AM69: =IFERROR(ROUND(Sheet1!U76/Sheet1!T76*100,2),"") | AQ69: =IFERROR(ROUND(Sheet1!W76/Sheet1!V76*M69,0),"") | AR69: =IFERROR(ROUND(Sheet1!W76/Sheet1!V76*100,2),"") | AT69: =IFERROR(ROUND(Sheet1!Y76/Sheet1!V76*M69,0),"") | AU69: =IFERROR(ROUND(Sheet1!Y76/Sheet1!V76*100,2),"") | AW69: =IFERROR(ROUND(Sheet1!X76/Sheet1!V76*M69,0),"") | AX69: =IFERROR(ROUND(Sheet1!X76/Sheet1!V76*100,2),"") | AZ69: =IFERROR(ROUND(Sheet1!Z76/Sheet1!V76*M69,0),"") | BA69: =IFERROR(ROUND(Sheet1!Z76/Sheet1!V76*100,2),"") | BC69: =IFERROR(ROUND(Sheet1!AB76/Sheet1!AA76*Sheet1!D76,0),"") | BD69: =IFERROR(ROUND(Sheet1!AB76/Sheet1!AA76*100,2),"") | BF69: =IFERROR(ROUND(Sheet1!AD76/Sheet1!AA76*Sheet1!D76,0),"") | BG69: =IFERROR(ROUND(Sheet1!AC76/Sheet1!AA76*100,2),"") | BI69: =IFERROR(ROUND(Sheet1!AC76/Sheet1!AA76*Sheet1!D76,0),"") | BJ69: =IFERROR(ROUND(Sheet1!AD76/Sheet1!AA76*100,2),"")

Sheet Sheet1
A1: 序号 | B1: 检测日期 | C1: 样本编号 | D1: Tube1 | G1: Tube2 | S1: Tube3 | V1: Tube4 | AA1: Tube5
D3: 1-1 | E3: 1-2 | F3: 1-3 | G3: 2-1 | H3: 2-2 | I3: 2-3 | J3: 2-4 | K3: 2-5 | L3: 2-6 | M3: 2-7 | N3: 2-8 | O3: 2-9 | P3: 2-10 | Q3: 2-11 | R3: 2-12 | S3: 3-1 | T3: 3-2 | U3: 3-3 | V3: 4-1 | W3: 4-2 | X3: 4-3 | Y3: 4-4 | Z3: 4-5 | AA3: 5-1 | AB3: 5-2 | AC3: 5-3 | AD3: 5-4
D4: 白细胞计数值 | E4: WBC1 | F4: 34+45dim | G4: WBC2 | H4: lym2 | I4: 45++SSC(low) | J4: 45+SSC(mid) | K4: 45+SSC(high） | L4: 3+19- | M4: 3-19+ | N4: 3+TCRγδ+ | O4: 3-56+16+ | P4: 3+56+16+ | Q4: 3+4+8- | R4: 3+4-8+ | S4: lym3 | T4: CD4+T | U4: 4+25(high)127(dim) | V4: lym4 | W4: 3+4+45RA+ | X4: 3+4+45RO+ | Y4: 3+8+45RA+ | Z4: 3+8+45RO+ | AA4: WBC5 | AB4: Lin1-HLA-DR+ | AC4: Lin1-11c+HLA-DR+ | AD4: Lin1-123+HLA-DR+
D5: 5730 | E5: 38363 | F5: 16 | G5: 34005 | H5: 12007 | I5: 12007 | J5: 1838 | K5: 18604 | L5: 5945 | M5: 1109 | N5: 254 | O5: 3408 | P5: 288 | Q5: 2516 | R5: 3045 | S5: 23316 | T5: 2614 | U5: 345 | V5: 9069 | W5: 124 | X5: 1616 | Y5: 334 | Z5: 1086 | AA5: 29053 | AB5: 73 | AC5: 42 | AD5: 6
